frame_id,timestamp,x,y,z,target_yaw,target_pitch,distance,armor_orientation_yaw
1,33.33,0.171498,0.444379,2.254,0.0759399,0.194108,2.30378,0.482142
2,66.66,0.129554,0.449974,2.27573,0.056867,0.194901,2.32341,0.280139
4,133.32,-0.00444923,0.435499,2.19422,-0.0020277,0.195929,2.23703,-0.20738
6,199.98,0.275006,0.430295,2.37264,0.115392,0.178239,2.42698,0.827978
7,233.31,0.244687,0.411598,2.25892,0.1079,0.179207,2.30911,0.773977
8,266.64,0.189161,0.404895,2.21924,0.0850313,0.179825,2.26379,0.564496
9,299.97,0.136876,0.40507,2.22041,0.0615666,0.180111,2.26121,0.357976
10,333.3,0.065452,0.381152,2.0727,0.0315676,0.181771,2.10847,-0.439046
11,366.63,-0.0183617,0.411797,2.24609,-0.00817476,0.18132,2.2836,-0.00753754
12,399.96,-0.0857609,0.40777,2.2373,-0.0383136,0.180152,2.27577,-0.396686
13,433.29,-0.137576,0.405174,2.23085,-0.0615917,0.179331,2.27152,-0.617287
14,466.62,-0.192743,0.412548,2.28843,-0.0840265,0.177744,2.3333,-0.834769
15,499.95,0.16513,0.432308,2.21569,0.0743899,0.192171,2.2635,0.50181
20,666.6,-0.133102,0.443196,2.27467,-0.0584484,0.192109,2.32126,-0.486353
20,666.6,0.274965,0.40452,2.37278,0.115368,0.167759,2.42267,0.978562
21,699.93,-0.188294,0.447592,2.31006,-0.0813306,0.190769,2.36054,-0.782065
21,699.93,0.228091,0.392898,2.29359,0.0991212,0.168839,2.33815,0.759424
22,733.26,-0.217174,0.443179,2.30191,-0.0940669,0.189379,2.35422,-0.955757
22,733.26,0.184399,0.37733,2.19448,0.0838313,0.169693,2.23431,0.638779
23,766.59,0.137575,0.40612,2.35506,0.0583503,0.170481,2.39378,0.205005
24,799.92,0.114811,0.39021,2.25379,0.0508975,0.171218,2.2902,0.276438
25,833.25,-0.136132,0.384412,2.23969,-0.0607068,0.169673,2.27651,-0.683133
25,833.25,0.26847,0.456962,2.34421,0.114028,0.191298,2.40337,0.90942
26,866.58,0.148525,0.427234,2.16266,0.0685695,0.194592,2.20946,0.501344
27,899.91,0.0883487,0.435866,2.20135,0.0401123,0.195318,2.24583,-0.309547
29,966.57,-0.0142584,0.440047,2.21736,-0.00643024,0.195906,2.26065,-0.21152
31,1033.23,-0.108767,0.436534,2.18804,-0.0496689,0.196687,2.23381,-0.544139
32,1066.56,0.244088,0.410631,2.25324,0.107907,0.179236,2.30332,0.776211
33,1099.89,0.203562,0.384839,2.10281,0.096504,0.180184,2.14741,0.684131
34,1133.22,0.152596,0.399276,2.18789,0.0696327,0.180079,2.22926,0.461335
35,1166.55,0.0973052,0.397521,2.17575,0.0446928,0.180535,2.21391,0.299473
36,1199.88,0.0531173,0.400263,2.18705,0.0242824,0.18096,2.22401,0.0285272
37,1233.21,-0.0177205,0.406357,2.21412,-0.00800323,0.181505,2.25117,0.183807
40,1333.2,-0.165118,0.395979,2.18979,-0.0752609,0.1784,2.23143,-0.77098
41,1366.53,-0.218588,0.416489,2.31948,-0.0939628,0.176901,2.36669,-0.955796
42,1399.86,0.142835,0.422443,2.15677,0.0661299,0.193007,2.20239,0.491002
46,1533.18,-0.0783468,0.436897,2.23744,-0.035002,0.192725,2.28104,-0.335496
47,1566.51,-0.118479,0.450166,2.30882,-0.051271,0.192314,2.35528,-0.411937
48,1599.84,0.249291,0.399036,2.33151,0.106518,0.168564,2.37851,0.849147
49,1633.17,-0.21718,0.442497,2.29883,-0.0941949,0.189339,2.35108,-0.96547
49,1633.17,0.184382,0.3782,2.19957,0.0836308,0.169694,2.23945,0.636143
50,1666.5,0.141303,0.392769,2.2757,0.0620123,0.170587,2.31366,0.360688
51,1699.83,0.0875845,0.39657,2.2934,0.0381712,0.171102,2.32908,-0.068825
52,1733.16,0.0488635,0.394276,2.28119,0.0214169,0.171108,2.31553,-0.0369805
53,1766.49,0.00983047,0.387295,2.24142,0.00438579,0.171099,2.27466,-0.102307
54,1799.82,-0.0895215,0.383775,2.2339,-0.0400527,0.170002,2.26839,-0.499021
55,1833.15,-0.135195,0.378648,2.206,-0.0612088,0.169676,2.24234,-0.706155
55,1833.15,0.266604,0.45581,2.33454,0.113707,0.191606,2.39352,0.903119
56,1866.48,-0.171798,0.386231,2.25651,-0.0759878,0.16904,2.29576,-0.848906
57,1899.81,-0.225159,0.415708,2.44563,-0.0918068,0.167674,2.49091,-1.03577
58,1933.14,0.15151,0.441845,2.23554,0.0676696,0.194695,2.28382,0.409259
59,1966.47,0.0778911,0.43594,2.20212,0.0353562,0.195318,2.24621,-0.304933
60,1999.8,0.0225384,0.420397,2.11814,0.0106402,0.195917,2.15958,0.257499
61,2033.13,-0.00701733,0.440636,2.22036,-0.00316044,0.195906,2.26367,-0.225766
63,2099.79,0.278339,0.427681,2.36391,0.117205,0.177783,2.41836,0.864782
64,2133.12,0.235198,0.409991,2.24576,0.104349,0.179612,2.29496,0.737017
65,2166.45,0.177793,0.403941,2.21215,0.0801987,0.180043,2.25574,0.514759
66,2199.78,0.134895,0.407453,2.23358,0.0603205,0.180116,2.27445,0.339754
67,2233.11,0.0498768,0.396049,2.16166,0.0230693,0.181158,2.19821,-0.00246759
68,2266.44,-0.0203634,0.400955,2.18703,-0.00931069,0.181312,2.22358,0.268621
69,2299.77,-0.0785151,0.404446,2.21722,-0.0353967,0.180317,2.25517,-0.39664
70,2333.1,-0.135137,0.414962,2.28307,-0.059122,0.179486,2.3244,-0.533517
71,2366.43,-0.17808,0.404734,2.24246,-0.0792464,0.178016,2.28564,-0.795317
72,2399.76,-0.220817,0.417086,2.3241,-0.0947276,0.176791,2.37153,-0.966827
78,2599.74,-0.130877,0.425858,2.18602,-0.0597987,0.192065,2.23095,-0.615062
78,2599.74,0.275805,0.408664,2.3947,0.114668,0.167936,2.44493,0.956033
79,2633.07,-0.182554,0.443546,2.28586,-0.079693,0.191064,2.33564,-0.75961
79,2633.07,0.233924,0.396981,2.31782,0.100584,0.168787,2.36317,0.759155
80,2666.4,-0.22249,0.449539,2.33755,-0.0948949,0.189158,2.39076,-0.967825
80,2666.4,0.180719,0.376227,2.1883,0.0823968,0.169695,2.22775,0.629259
81,2699.73,0.146392,0.391784,2.27109,0.0643697,0.170481,2.30928,0.38004
82,2733.06,0.0934115,0.397027,2.29353,0.0407058,0.17127,2.32951,0.126682
83,2766.39,0.0243554,0.388125,2.2494,0.010827,0.170854,2.28277,0.0419305
84,2799.72,-0.0497339,0.386182,2.23998,-0.0221992,0.170685,2.27357,-0.278805
85,2833.05,-0.111676,0.393961,2.29257,-0.0486739,0.169983,2.32885,-0.513841
86,2866.38,0.257203,0.452609,2.31494,0.110652,0.191929,2.37275,0.862885
87,2899.71,-0.198415,0.389851,2.28787,-0.0865082,0.168159,2.32932,-0.984193
87,2899.71,0.18921,0.42177,2.14453,0.0880009,0.193461,2.19379,0.684802
88,2933.04,0.147813,0.437589,2.21447,0.0666497,0.194669,2.26212,0.427468
89,2966.37,0.0949999,0.443597,2.24255,0.0423371,0.195117,2.28798,-0.263128
91,3033.03,-0.0283983,0.442933,2.22932,-0.0127379,0.196115,2.27307,-0.225671
92,3066.36,-0.0812431,0.437989,2.1944,-0.0370061,0.196874,2.23915,-0.418039
93,3099.69,-0.12939,0.440589,2.21314,-0.0583978,0.196183,2.26028,-0.633172
93,3099.69,0.276516,0.419671,2.32126,0.118565,0.177633,2.37504,0.902898
94,3133.02,0.21073,0.394217,2.1555,0.097454,0.18005,2.20136,0.68652
95,3166.35,0.281184,0.43789,2.38372,0.117417,0.180451,2.43987,1.02691
96,3199.68,0.111901,0.403356,2.20973,0.0505969,0.180323,2.24902,0.280677
97,3233.01,0.101641,0.397433,2.17574,0.0466817,0.180481,2.21408,0.334744
98,3266.34,-0.081649,0.40347,2.21184,-0.0368977,0.180309,2.24982,-0.407066
99,3299.67,-0.134253,0.404555,2.22687,-0.0602151,0.179391,2.26729,-0.610892
100,3333,-0.180919,0.406692,2.25437,-0.0800808,0.177922,2.2979,-0.7983
101,3366.33,-0.213648,0.421748,2.34762,-0.0907562,0.177037,2.39475,-0.89932
102,3399.66,0.138891,0.427093,2.18032,0.0636161,0.193055,2.22609,0.440156
106,3532.98,-0.121571,0.440074,2.259,-0.0537645,0.192128,2.30467,-0.506722
107,3566.31,0.246188,0.399685,2.33638,0.104984,0.168515,2.38307,0.817269
108,3599.64,-0.206052,0.434906,2.25597,-0.0910836,0.189673,2.30673,-0.930303
109,3632.97,0.140254,0.405362,2.3481,0.0596601,0.170651,2.38696,0.258666
110,3666.3,0.0704204,0.394132,2.2798,0.0308791,0.171108,2.31468,-0.0526994
111,3699.63,0.0133622,0.387248,2.24113,0.00596222,0.171099,2.27438,-0.104976
113,3766.29,-0.105317,0.391243,2.27627,-0.0462342,0.170037,2.31205,-0.495773
114,3799.62,-0.115314,0.301016,1.72466,-0.0667624,0.172418,1.75453,0.993362
114,3799.62,0.258128,0.457733,2.33984,0.109874,0.19205,2.39813,0.832847
115,3832.95,-0.187269,0.385402,2.25875,-0.0827192,0.168431,2.29904,-0.933638
115,3832.95,0.208071,0.436897,2.22533,0.0932304,0.193043,2.27733,0.677791
116,3866.28,0.155055,0.441834,2.23525,0.0692571,0.194695,2.28377,0.407531
117,3899.61,0.0995992,0.436479,2.2041,0.0451575,0.195307,2.2491,0.243905
118,3932.94,0.0324787,0.399014,2.0135,0.0161291,0.19561,2.05291,-0.0713674
119,3966.27,-0.00444923,0.435499,2.19422,-0.0020277,0.195929,2.23703,-0.20738
120,3999.6,-0.0740631,0.425976,2.13391,-0.0346938,0.196917,2.17727,-0.499605
121,4032.93,-0.116751,0.437517,2.19354,-0.0531748,0.196602,2.23979,-0.588862
121,4032.93,0.300591,0.442422,2.45691,0.12174,0.176872,2.51446,0.921445
122,4066.26,0.237453,0.410141,2.2472,0.105275,0.179547,2.29663,0.745408
123,4099.59,0.287572,0.445156,2.42539,0.118016,0.180284,2.48262,1.07192
124,4132.92,0.13848,0.408892,2.24132,0.0617067,0.180113,2.28252,0.340064
125,4166.25,0.0650111,0.38086,2.0711,0.0313793,0.181773,2.10683,-0.425446
126,4199.58,0.00995344,0.411379,2.24385,0.00443585,0.181321,2.28127,-0.0570315
127,4232.91,-0.0489451,0.410859,2.24565,-0.0217921,0.180914,2.28345,-0.214512
128,4266.24,-0.104383,0.407818,2.23736,-0.0466208,0.180105,2.27662,-0.477348
130,4332.9,-0.16566,0.3965,2.19289,-0.0754011,0.178381,2.2346,-0.770944
131,4366.23,-0.193037,0.412637,2.28783,-0.0841763,0.177825,2.33275,-0.833734
132,4399.56,-0.226985,0.421546,2.35078,-0.0962589,0.176632,2.39904,-0.997077
132,4399.56,0.188394,0.429305,2.206,0.085194,0.191525,2.25526,0.610911
136,4532.88,-0.127742,0.450354,2.30936,-0.0552584,0.192308,2.35633,-0.464399
137,4566.21,0.242205,0.397914,2.32505,0.103798,0.168605,2.37125,0.807871
138,4599.54,-0.220343,0.447687,2.32814,-0.094362,0.18915,2.38101,-0.958912
138,4599.54,0.182561,0.375952,2.18609,0.0833173,0.169729,2.22568,0.64354
139,4632.87,0.145163,0.405869,2.35302,0.0616141,0.17049,2.39218,0.245152
140,4666.2,0.0867795,0.399152,2.30847,0.037574,0.171096,2.34433,-0.0745294
141,4699.53,0.0375822,0.389174,2.25175,0.0166887,0.171118,2.28544,-0.0267914
142,4732.86,-0.0199454,0.384127,2.22835,-0.00895049,0.170698,2.2613,-0.239207
143,4766.19,-0.0710041,0.370353,2.15094,-0.0329987,0.170419,2.18375,-0.51398
144,4799.52,-0.129408,0.380822,2.21935,-0.0582431,0.169654,2.2555,-0.678298
144,4799.52,0.273552,0.459066,2.35518,0.115631,0.191249,2.41505,0.925305
145,4832.85,-0.172182,0.38513,2.25187,-0.0763133,0.168904,2.29105,-0.848698
146,4866.18,-0.2065,0.398198,2.33993,-0.0880222,0.16792,2.38254,-0.994162
146,4866.18,0.189842,0.435724,2.21562,0.0854748,0.193491,2.26602,0.591945
147,4899.51,0.15151,0.441845,2.23554,0.0676696,0.194695,2.28382,0.409259
148,4932.84,0.0853025,0.435698,2.2006,0.0387439,0.19532,2.24494,-0.284649
150,4999.5,-0.026835,0.435326,2.19123,-0.0122459,0.1961,2.23421,-0.290847
152,5066.16,-0.104469,0.436656,2.18881,-0.0476925,0.196691,2.23438,-0.546598
153,5099.49,0.240552,0.409037,2.24054,0.106954,0.179564,2.29024,0.768919
155,5166.15,0.151393,0.407249,2.23183,0.06773,0.180082,2.27373,0.377087
156,5199.48,0.1032,0.398705,2.18217,0.0472573,0.18052,2.22069,0.300205
157,5232.81,0.036605,0.400893,2.18641,0.0167405,0.181318,2.22316,-0.220152
158,5266.14,-0.0227021,0.401464,2.18492,-0.01039,0.181707,2.22162,-0.276251
160,5332.8,-0.125001,0.40764,2.23943,-0.0557602,0.179783,2.27966,-0.558488
161,5366.13,-0.170491,0.401496,2.22173,-0.0765878,0.17827,2.26415,-0.773757
162,5399.46,-0.213466,0.423539,2.35712,-0.0903159,0.177079,2.40436,-0.887324
168,5599.44,-0.129497,0.4432,2.27488,-0.0568632,0.19211,2.32127,-0.488037
168,5599.44,0.282435,0.412151,2.41801,0.116278,0.167709,2.46909,0.991043
169,5632.77,0.246315,0.398412,2.32713,0.105453,0.168636,2.3738,0.830446
170,5666.1,0.239326,0.396885,2.31665,0.102942,0.16879,2.36255,0.794046
171,5699.43,0.168888,0.385892,2.24083,0.0752265,0.170064,2.28007,0.516038
172,5732.76,0.102338,0.401352,2.32069,0.0440696,0.171088,2.35736,-0.100797
173,5766.09,0.0526633,0.389105,2.25104,0.0233908,0.171118,2.28503,-0.0371685
174,5799.42,0.0056163,0.382833,2.2186,0.00253146,0.170873,2.25139,0.261317
176,5866.08,-0.116448,0.379665,2.21158,-0.0526052,0.169783,2.24695,-0.628622
176,5866.08,0.294414,0.479368,2.46218,0.11901,0.19096,2.52563,0.963143
177,5899.41,-0.162364,0.387012,2.2625,-0.0716405,0.168989,2.30109,-0.791242
177,5899.41,0.245289,0.45442,2.31974,0.105348,0.192397,2.37653,0.777348
178,5932.74,-0.19072,0.395079,2.31721,-0.0821207,0.168315,2.35838,-0.915329
178,5932.74,0.212055,0.442779,2.25502,0.093761,0.193055,2.30785,0.660971
179,5966.07,0.164081,0.441205,2.23616,0.0732446,0.194293,2.28517,0.45718
180,5999.4,0.103402,0.443621,2.24232,0.0460813,0.195115,2.28812,-0.294186
181,6032.73,0.0653477,0.43667,2.20177,0.0296709,0.195702,2.24561,0.217619
182,6066.06,-0.0114029,0.435617,2.1948,-0.00519539,0.195928,2.23764,-0.203038
183,6099.39,-0.0520774,0.403873,2.02857,-0.0256664,0.19646,2.06903,-0.5604
184,6132.72,-0.106228,0.4359,2.18486,-0.0485819,0.196697,2.23045,-0.552841
185,6166.05,0.266816,0.4237,2.33052,0.113991,0.178698,2.38371,0.826185
186,6199.38,0.209255,0.408397,2.23891,0.0931921,0.179659,2.28545,0.626687
187,6232.71,0.167385,0.40808,2.23514,0.0747485,0.180092,2.27825,0.457603
188,6266.04,0.100129,0.398623,2.18183,0.0458602,0.180522,2.22021,0.282995
189,6299.37,0.158996,0.297675,1.59051,0.0996346,0.18412,1.62592,0.365681
190,6332.7,0.00287532,0.411468,2.24436,0.00128113,0.181321,2.28176,-0.0472467
191,6366.03,-0.0548989,0.411384,2.24846,-0.0244113,0.180908,2.28645,-0.280608
192,6399.36,-0.119188,0.407934,2.24113,-0.0531318,0.179802,2.28107,-0.518134
193,6432.69,-0.130506,0.350363,1.91451,-0.0680617,0.180591,1.95068,0.865194
194,6466.02,-0.196952,0.411954,2.28615,-0.085938,0.177638,2.3313,-0.853223
195,6499.35,0.164751,0.427074,2.18971,0.0750972,0.192089,2.23704,0.527492
196,6532.68,0.128756,0.427495,2.17882,0.0590257,0.193414,2.2241,0.40191
201,6699.33,0.248472,0.394559,2.30772,0.107256,0.168382,2.35436,0.859549
202,6732.66,-0.186941,0.448538,2.31342,-0.080632,0.190901,2.36391,-0.772119
202,6732.66,0.226692,0.388859,2.26917,0.0995706,0.168893,2.31338,0.768207
203,6765.99,0.15572,0.379372,2.20315,0.0705633,0.170107,2.24099,0.498881
204,6799.32,0.107576,0.392609,2.27078,0.0473387,0.171016,2.30698,0.195719
205,6832.65,0.0498837,0.39168,2.26607,0.0220097,0.171113,2.30021,-0.0362569
206,6865.98,-0.00718358,0.388471,2.25412,-0.00318686,0.170661,2.28736,-0.144599
208,6932.64,-0.113906,0.391251,2.27694,-0.0499843,0.169961,2.31312,-0.545264
209,6965.97,-0.165072,0.389782,2.27822,-0.0723302,0.169015,2.31721,-0.792918
209,6965.97,0.24303,0.452651,2.30936,0.104851,0.192517,2.36582,0.776383
210,6999.3,-0.20219,0.394033,2.31513,-0.0871132,0.167957,2.35711,-0.989241
210,6999.3,0.187713,0.424106,2.15602,0.0868458,0.193514,2.20534,0.660618
212,7065.96,0.0880068,0.430771,2.17336,0.0404713,0.195513,2.21739,-0.351605
214,7132.62,-0.0133818,0.439534,2.2147,-0.0060422,0.195913,2.25793,-0.273186
215,7165.95,-0.0419007,0.440989,2.21257,-0.0189353,0.196698,2.25648,-0.283829
216,7199.28,-0.114009,0.429031,2.15053,-0.0529646,0.196645,2.19587,-0.630567
216,7199.28,0.300738,0.441994,2.45494,0.121896,0.17684,2.51248,0.923378
217,7232.61,0.247779,0.416324,2.28267,0.108125,0.179371,2.33352,0.760089
219,7299.27,0.147376,0.407645,2.2339,0.0658771,0.180112,2.27557,0.398124
220,7332.6,0.0978236,0.397504,2.17567,0.0449323,0.180533,2.21385,0.315995
221,7365.93,0.0300739,0.400924,2.18669,0.0137523,0.181316,2.22335,-0.246654
222,7399.26,-0.0277438,0.406022,2.21211,-0.0125411,0.181511,2.24923,-0.255221
225,7499.25,-0.164964,0.395761,2.18855,-0.0752337,0.178403,2.23016,-0.774544
226,7532.58,-0.2186,0.417031,2.32317,-0.0938194,0.176853,2.37041,-0.950988
231,7699.23,-0.0947942,0.429918,2.20133,-0.0430356,0.192697,2.24492,-0.439032
232,7732.56,0.248671,0.397321,2.32323,0.106631,0.168439,2.37004,0.84475
233,7765.89,-0.193797,0.429747,2.22641,-0.0868259,0.189976,2.27577,-0.886451
233,7765.89,0.207422,0.381041,2.21859,0.0932217,0.169366,2.26061,0.70613
234,7799.22,0.149215,0.390925,2.26404,0.0658115,0.170618,2.30238,0.395275
235,7832.55,0.0977797,0.401427,2.32132,0.0420977,0.171089,2.3578,-0.097016
236,7865.88,0.0489909,0.391685,2.26612,0.0216155,0.171113,2.30024,-0.0356271
238,7932.54,-0.0544751,0.386395,2.24258,-0.0242865,0.170575,2.27627,-0.33177
239,7965.87,-0.061655,0.374464,2.17344,-0.0283599,0.170549,2.20632,-0.449786
240,7999.2,-0.190657,0.390626,2.28819,-0.08313,0.168511,2.32911,-0.939153
240,7999.2,0.204541,0.432934,2.20322,0.0925718,0.193218,2.25465,0.683826
241,8032.53,0.143745,0.43874,2.22019,0.0646542,0.194703,2.26768,0.421581
242,8065.86,0.0783352,0.435756,2.20115,0.0355733,0.19532,2.24523,-0.281494
243,8099.19,0.00348907,0.440732,2.2209,0.00157102,0.195903,2.26421,-0.225983
244,8132.52,-0.0516353,0.43683,2.18949,-0.0235788,0.196873,2.23324,-0.366064
245,8165.85,-0.0946163,0.442812,2.22046,-0.0425853,0.196667,2.26616,-0.444724
246,8199.18,0.259899,0.41598,2.28956,0.113031,0.178603,2.34151,0.819347
247,8232.51,0.204697,0.387054,2.11666,0.0964076,0.180041,2.16147,0.674116
248,8265.84,0.164284,0.407484,2.23224,0.0734634,0.18008,2.27507,0.445086
249,8299.17,0.107333,0.401076,2.19718,0.0488116,0.180343,2.23606,0.289753
250,8332.5,0.0300739,0.400924,2.18669,0.0137523,0.181316,2.22335,-0.246654
251,8365.83,-0.0179602,0.403218,2.19647,-0.00817664,0.181548,2.23325,0.25089
253,8432.49,-0.120934,0.403527,2.21687,-0.0544975,0.179793,2.25654,-0.566058
254,8465.82,-0.165577,0.395935,2.18997,-0.0754637,0.178364,2.23162,-0.777224
255,8499.15,-0.220151,0.419319,2.33625,-0.0939554,0.176826,2.38377,-0.954006
256,8532.48,0.145782,0.432891,2.21139,0.0658281,0.192902,2.25808,0.433056
260,8665.8,-0.106451,0.436426,2.23653,-0.0475607,0.192501,2.2812,-0.448822
261,8699.13,0.251403,0.393587,2.30159,0.108799,0.168386,2.34849,0.887379
262,8732.46,-0.19732,0.436354,2.25891,-0.0871305,0.190114,2.30912,-0.876586
262,8732.46,0.20523,0.37817,2.20179,0.0929421,0.169376,2.24343,0.718917
263,8765.79,0.166244,0.392181,2.27763,0.0728606,0.170072,2.31712,0.441716
265,8832.45,0.0562106,0.389085,2.25084,0.0249679,0.171118,2.28492,-0.0396073
266,8865.78,-0.000336066,0.382865,2.2187,-0.00015147,0.17088,2.25149,0.178103
267,8899.11,-0.047073,0.386801,2.24472,-0.0209675,0.170604,2.27828,-0.315845
268,8932.44,-0.106487,0.382165,2.22422,-0.0478396,0.169967,2.25932,-0.576802
269,8965.77,-0.135265,0.377497,2.20125,-0.0613719,0.169526,2.23748,-0.727733
269,8965.77,0.265817,0.455207,2.33065,0.113562,0.191673,2.38952,0.895248
270,8999.1,-0.178826,0.386674,2.26303,-0.0788565,0.168715,2.30278,-0.876536
270,8999.1,0.220751,0.441203,2.24687,0.097934,0.19299,2.3004,0.709773
271,9032.43,-0.230694,0.426063,2.50539,-0.0918202,0.167751,2.55181,-1.0328
271,9032.43,0.179602,0.447604,2.27483,0.0787881,0.193694,2.3254,0.473649
272,9065.76,0.106681,0.442085,2.23446,0.0477075,0.19511,2.28027,0.217746
273,9099.09,0.0490343,0.44122,2.22541,0.0220303,0.195681,2.26925,0.0983021
274,9132.42,-0.0175695,0.440675,2.22062,-0.00791182,0.195896,2.26399,-0.222114
276,9199.08,-0.109638,0.428152,2.14541,-0.051059,0.196728,2.19046,-0.61257
277,9232.41,0.251156,0.415759,2.27955,0.109735,0.179342,2.33072,0.772209
278,9265.74,0.200735,0.402154,2.20301,0.0908677,0.179831,2.24839,0.628868
279,9299.07,0.151248,0.407104,2.231,0.0676902,0.180086,2.27288,0.381901
280,9332.4,0.0935993,0.398504,2.18144,0.0428808,0.180525,2.21952,0.266759
281,9365.73,0.0461448,0.405648,2.21465,0.0208331,0.181119,2.25197,0.152141
282,9399.06,-0.00448362,0.400948,2.18707,-0.00205006,0.181313,2.22352,-0.231273
283,9432.39,-0.0713755,0.405206,2.21677,-0.0321869,0.180704,2.25463,-0.366989
284,9465.72,-0.118881,0.415121,2.27945,-0.052106,0.179901,2.31999,-0.491298
285,9499.05,-0.160854,0.394796,2.18244,-0.0735707,0.178488,2.22369,-0.757352
286,9532.38,-0.215883,0.416918,2.32285,-0.0926726,0.176848,2.36983,-0.934867
291,9699.03,-0.0808942,0.424967,2.17377,-0.0371966,0.192932,2.2164,-0.432247
292,9732.36,-0.129497,0.4432,2.27488,-0.0568632,0.19211,2.32127,-0.488037
292,9732.36,0.283607,0.413484,2.42591,0.116379,0.167702,2.47719,0.974422
293,9765.69,-0.190808,0.443808,2.29129,-0.0830834,0.19068,2.34167,-0.810711
293,9765.69,0.2177,0.382778,2.23152,0.097249,0.169091,2.27456,0.760943
294,9799.02,-0.214538,0.44288,2.2997,-0.0930205,0.18945,2.35176,-0.954058
294,9799.02,0.188538,0.380363,2.21358,0.0849684,0.169568,2.25392,0.630406
296,9865.68,0.0896139,0.389959,2.25556,0.0397094,0.171064,2.29077,0.197109
297,9899.01,0.0321063,0.390395,2.26241,0.0141903,0.170858,2.29607,0.0519149
298,9932.34,-0.0336266,0.381793,2.21606,-0.0151729,0.17059,2.24896,-0.295001
300,9999,-0.12509,0.380146,2.21415,-0.0564355,0.169766,2.25003,-0.665823
300,9999,0.278516,0.46267,2.37191,0.116887,0.191361,2.43261,0.94098
301,10032.3,-0.163362,0.387837,2.26742,-0.071923,0.168978,2.30615,-0.802068
301,10032.3,0.245436,0.455779,2.325,0.105174,0.192535,2.38193,0.75808
302,10065.7,-0.202145,0.39568,2.3236,-0.0867779,0.168047,2.3657,-0.975159
302,10065.7,0.190319,0.428244,2.17734,0.0871877,0.193484,2.2272,0.633302
303,10099,0.147491,0.441816,2.23565,0.0658767,0.194697,2.28366,0.396804
304,10132.3,0.0917374,0.43649,2.20448,0.04159,0.195308,2.24915,0.247842
305,10165.6,0.0259313,0.428623,2.16187,0.0119943,0.195713,2.2041,0.223736
306,10199,-0.0221874,0.440526,2.21943,-0.00999655,0.19593,2.26284,-0.15864
307,10232.3,-0.0918961,0.43627,2.18728,-0.0419893,0.196705,2.23225,-0.51102
308,10265.6,0.273203,0.425687,2.34776,0.115846,0.178191,2.40163,0.843427
309,10299,0.206449,0.3881,2.12169,0.0969987,0.180088,2.16675,0.68127
310,10332.3,0.165244,0.406231,2.22509,0.0741277,0.180094,2.2679,0.444733
311,10365.6,0.108759,0.403162,2.20879,0.0491995,0.180325,2.24791,0.263172
312,10399,0.155874,0.293426,1.56616,0.0991997,0.184317,1.60101,0.367522
313,10432.3,0.0124181,0.400932,2.18691,0.0056783,0.181316,2.2234,-0.209406
314,10465.6,-0.0570671,0.411263,2.24773,-0.0253833,0.180909,2.28576,-0.257936
315,10498.9,-0.111148,0.406015,2.22763,-0.0498539,0.180065,2.26705,-0.499928
316,10532.3,-0.131168,0.349684,1.91017,-0.0685603,0.180643,1.94634,0.885875
317,10565.6,-0.210506,0.423981,2.3595,-0.0889807,0.177105,2.40652,-0.87502
318,10598.9,0.160285,0.420964,2.1566,0.0741864,0.192257,2.20314,0.550465
324,10798.9,0.269553,0.412397,2.41465,0.111172,0.168132,2.4644,0.879546
325,10832.2,-0.193438,0.442554,2.28855,-0.0843239,0.190357,2.33896,-0.835808
325,10832.2,0.212613,0.379757,2.21135,0.0958516,0.169306,2.25378,0.743625
326,10865.6,0.0958554,0.399038,2.30746,0.0415177,0.171096,2.34367,-0.0817852
327,10898.9,0.0857795,0.396588,2.29358,0.0373825,0.171102,2.32919,-0.0674614
328,10932.2,-0.0296847,0.38658,2.24269,-0.0132354,0.170681,2.27596,-0.215161
329,10965.6,-0.0812839,0.378222,2.19802,-0.0369638,0.170291,2.2318,-0.497373
330,10998.9,-0.129247,0.37965,2.21128,-0.0583828,0.169746,2.24735,-0.684117
330,10998.9,0.272491,0.456968,2.34407,0.115728,0.191275,2.40369,0.928679
331,11032.2,-0.166817,0.387034,2.2622,-0.0736078,0.168997,2.30112,-0.819748
331,11032.2,0.239421,0.451443,2.30296,0.10359,0.192561,2.35897,0.765795
332,11065.6,-0.215774,0.406677,2.38967,-0.0900503,0.167896,2.43362,-1.02273
332,11065.6,0.178958,0.429206,2.18258,0.0818109,0.19354,2.23157,0.593431
333,11098.9,0.133085,0.442936,2.24014,0.0593396,0.194874,2.28738,0.325648
334,11132.2,0.0761504,0.436331,2.19972,0.0346043,0.195701,2.24387,0.187512
336,11198.9,-0.018879,0.436982,2.20168,-0.00857457,0.195923,2.24471,-0.215478
338,11265.5,0.283433,0.428441,2.37244,0.118905,0.17743,2.42742,0.874467
339,11298.9,0.233572,0.409959,2.24522,0.103658,0.179654,2.29426,0.718044
340,11332.2,0.289744,0.446432,2.4316,0.118599,0.180326,2.48917,1.10484
341,11365.5,0.131899,0.406518,2.22859,0.059116,0.180118,2.2692,0.31035
342,11398.9,0.0690708,0.382395,2.07975,0.0331989,0.181737,2.11574,-0.4295
343,11432.2,0.159381,0.29791,1.59102,0.0998423,0.1842,1.6265,0.359075
344,11465.5,-0.0438622,0.404142,2.20656,-0.0198755,0.181112,2.24369,-0.280964
345,11498.8,-0.129284,0.348743,1.90611,-0.0677225,0.180553,1.94206,0.86861
346,11532.2,-0.181033,0.406692,2.2545,-0.0801264,0.177911,2.29803,-0.803007
347,11565.5,-0.196446,0.412348,2.28767,-0.0856615,0.177693,2.33282,-0.85445
348,11598.8,0.165452,0.426641,2.18749,0.0754919,0.192084,2.23484,0.544588
352,11732.2,0.257728,0.399529,2.33877,0.109755,0.168197,2.38661,0.879912
353,11765.5,-0.174935,0.435758,2.24517,-0.0777592,0.191138,2.29375,-0.764998
353,11765.5,0.236965,0.395243,2.30898,0.102269,0.168664,2.35452,0.790667
354,11798.8,0.153541,0.375102,2.17737,0.0704003,0.170184,2.21477,0.51732
355,11832.1,0.104185,0.379654,2.19432,0.0474437,0.171132,2.22936,0.337079
356,11865.5,0.00312407,0.382825,2.21848,0.0014082,0.170879,2.25127,0.180582
357,11898.8,-0.0350525,0.386771,2.24478,-0.0156139,0.170602,2.27812,-0.257022
358,11932.1,-0.157907,0.387117,2.26215,-0.0696911,0.169083,2.30046,-0.775801
358,11932.1,0.254925,0.463233,2.36639,0.107314,0.192226,2.42474,0.783503
359,11965.5,-0.19504,0.389767,2.28808,-0.0850359,0.168129,2.32922,-0.972653
359,11965.5,0.198363,0.433235,2.20476,0.0897288,0.193266,2.25566,0.647248
360,11998.8,0.150238,0.430894,2.18188,0.0687487,0.19453,2.22909,0.469656
361,12032.1,0.0883487,0.435866,2.20135,0.0401123,0.195318,2.24583,-0.309547
363,12098.8,-0.0145521,0.439673,2.21541,-0.0065685,0.195911,2.25866,-0.190738
365,12165.4,0.300145,0.441592,2.45232,0.121787,0.17687,2.50977,0.918041
366,12198.8,0.258062,0.42332,2.32296,0.110638,0.179176,2.37528,0.775723
367,12232.1,0.214828,0.395986,2.16474,0.0989161,0.18006,2.21112,0.713787
368,12265.4,0.204851,0.386303,2.11307,0.0966428,0.179994,2.15784,0.674139
369,12298.8,0.0734458,0.381793,2.07895,0.0353137,0.181513,2.11499,-0.454335
370,12332.1,0.0197084,0.400954,2.18699,0.00901142,0.181315,2.22352,-0.241956
371,12365.4,-0.0380062,0.402563,2.19772,-0.0172917,0.181138,2.23461,-0.318781
372,12398.8,-0.0953983,0.408491,2.24137,-0.0425369,0.180113,2.28028,-0.425875
373,12432.1,-0.147791,0.408447,2.25131,-0.0655525,0.179097,2.29283,-0.647462
374,12465.4,-0.177724,0.407769,2.25963,-0.07849,0.177998,2.303,-0.775155
375,12498.8,-0.219184,0.416765,2.32281,-0.094083,0.176765,2.37006,-0.969933
380,12665.4,-0.0883627,0.431448,2.2095,-0.0399709,0.192693,2.25296,-0.422532
381,12698.7,-0.125019,0.439821,2.25747,-0.0553235,0.192131,2.30332,-0.508511
381,12698.7,0.287417,0.416341,2.44173,0.117171,0.16775,2.49359,0.978145
382,12732.1,0.266321,0.407878,2.38919,0.111011,0.168067,2.43834,0.889756
383,12765.4,-0.230183,0.457252,2.37993,-0.0964185,0.188955,2.43436,-0.988701
383,12765.4,0.174496,0.375851,2.1821,0.0797971,0.170037,2.2211,0.609356
384,12798.7,0.154617,0.405713,2.35178,0.0656503,0.170471,2.39152,0.32097
385,12832,0.0958554,0.399038,2.30746,0.0415177,0.171096,2.34367,-0.0817852
386,12865.4,0.0732372,0.385163,2.22732,0.0328695,0.171143,2.26156,-0.200171
387,12898.7,-0.0391254,0.386092,2.23965,-0.0174677,0.170686,2.27302,-0.284414
388,12932,-0.0731577,0.379077,2.20039,-0.0332354,0.17051,2.234,-0.464831
389,12965.4,-0.127915,0.376185,2.19159,-0.0583001,0.16971,2.22731,-0.704976
389,12965.4,0.272271,0.456543,2.34186,0.115743,0.191277,2.40143,0.93145
390,12998.7,-0.179191,0.388038,2.27009,-0.0787724,0.168784,2.30997,-0.882757
390,12998.7,0.220539,0.441211,2.24677,0.0978447,0.193004,2.30028,0.705617
391,13032,-0.204868,0.395434,2.32455,-0.0879051,0.167861,2.36683,-0.99688
391,13032,0.184376,0.423609,2.15362,0.0854036,0.193526,2.20262,0.644766
392,13065.4,0.0680619,0.442303,2.23221,0.0304814,0.195523,2.27663,-0.212346
394,13132,-0.0275636,0.446865,2.24928,-0.0122538,0.196103,2.2934,-0.194712
396,13198.7,-0.110327,0.430733,2.15875,-0.0510626,0.196692,2.20407,-0.608791
397,13232,0.240714,0.408987,2.24044,0.10703,0.179548,2.29015,0.765393
398,13265.3,0.151393,0.407249,2.23183,0.06773,0.180082,2.27373,0.377087
399,13298.7,0.1032,0.398705,2.18217,0.0472573,0.18052,2.22069,0.300205
400,13332,0.150713,0.286052,1.52682,0.0983918,0.184329,1.56068,0.405559
401,13365.3,0.0461448,0.405648,2.21465,0.0208331,0.181119,2.25197,0.152141
403,13432,-0.0989869,0.409129,2.24489,-0.0440659,0.180099,2.28401,-0.420903
404,13465.3,-0.242389,0.437989,2.44796,-0.0986949,0.176202,2.49862,-1.02022
404,13465.3,0.174885,0.425278,2.1817,0.079989,0.191915,2.22963,0.554182
408,13598.6,-0.0898512,0.425415,2.17585,-0.0412713,0.192921,2.21887,-0.47528
409,13632,-0.0994483,0.428162,2.19261,-0.0453251,0.192655,2.23623,-0.485686
410,13665.3,-0.129497,0.4432,2.27488,-0.0568632,0.19211,2.32127,-0.488037
410,13665.3,0.284767,0.41458,2.43156,0.116582,0.167751,2.48303,0.973105
412,13732,0.109581,0.391473,2.26395,0.0483647,0.171027,2.30016,0.235825
414,13798.6,-0.0743435,0.374814,2.17637,-0.0341461,0.170449,2.20966,-0.496104
415,13831.9,-0.131625,0.381071,2.21982,-0.0592259,0.169718,2.25613,-0.690211
415,13831.9,0.272537,0.459199,2.35493,0.115218,0.191332,2.41471,0.90791
416,13865.3,-0.175212,0.389029,2.27443,-0.0768835,0.168914,2.31411,-0.860162
416,13865.3,0.224847,0.439273,2.23693,0.100179,0.192957,2.29072,0.739503
417,13898.6,-0.185912,0.386491,2.26573,-0.0818706,0.1684,2.30597,-0.926508
417,13898.6,0.209966,0.437073,2.22579,0.0940548,0.193065,2.27799,0.685095
418,13931.9,0.14185,0.450065,2.27552,0.0622566,0.194896,2.32393,0.329995
419,13965.3,0.0929938,0.436421,2.20407,0.0421669,0.195309,2.24878,0.224111
420,13998.6,0.0278355,0.435278,2.19282,0.0126932,0.195939,2.23578,-0.146828
421,14031.9,-0.030033,0.441716,2.22309,-0.0135088,0.196122,2.26675,-0.195401
422,14065.3,-0.0517734,0.405238,2.03567,-0.0254276,0.196438,2.07626,-0.548571
423,14098.6,0.277764,0.420825,2.32757,0.118775,0.177635,2.38156,0.893897
424,14131.9,0.208599,0.405199,2.22173,0.0936159,0.179624,2.26799,0.639226
425,14165.2,0.191514,0.402683,2.20711,0.0865545,0.179802,2.2517,0.583226
426,14198.6,0.100533,0.397255,2.17472,0.0461953,0.180488,2.21299,0.306652
427,14231.9,0.0231629,0.400933,2.18684,0.0105916,0.181316,2.22341,-0.243612
428,14265.2,0.00553181,0.411455,2.24426,0.00246486,0.181322,2.28167,-0.0497211
429,14298.6,-0.0142205,0.40634,2.21404,-0.00642277,0.181505,2.25107,0.182525
430,14331.9,-0.0918626,0.408582,2.24202,-0.0409503,0.180112,2.2808,-0.426984
431,14365.2,-0.19835,0.416563,2.31257,-0.085561,0.177581,2.35814,-0.846231
432,14398.6,-0.224246,0.421398,2.35033,-0.0951224,0.176623,2.39832,-0.982728
434,14465.2,0.0116496,0.379271,1.92814,0.00604182,0.19422,1.96512,0.139676
436,14531.9,-0.0819704,0.429295,2.19835,-0.03727,0.192723,2.24137,-0.402919
437,14565.2,-0.122628,0.446647,2.29075,-0.0534809,0.192294,2.3371,-0.472738
438,14598.5,0.253346,0.400286,2.33904,0.107891,0.168523,2.38653,0.848727
439,14631.9,-0.222153,0.447811,2.32861,-0.095114,0.189151,2.38166,-0.98394
439,14631.9,0.181195,0.380487,2.21089,0.0817733,0.169869,2.25069,0.606219
440,14665.2,0.16475,0.379525,2.20303,0.0746441,0.170133,2.24155,0.529227
441,14698.5,0.149829,0.404966,2.34808,0.0637228,0.170447,2.38745,0.282135
442,14731.9,0.0420186,0.389156,2.25156,0.0186598,0.171118,2.28533,-0.0298453
443,14765.2,0.0319113,0.389032,2.25208,0.0141688,0.171039,2.28566,-0.178499
444,14798.5,-0.0507765,0.385961,2.23914,-0.0226729,0.17065,2.27273,-0.333705
445,14831.8,-0.131729,0.37994,2.21327,-0.0594478,0.169713,2.24951,-0.695597
445,14831.8,0.269945,0.455791,2.33788,0.114957,0.191304,2.39714,0.910542
446,14865.2,-0.139893,0.382765,2.23193,-0.0625965,0.169517,2.26883,-0.723431
446,14865.2,0.261792,0.451491,2.30999,0.112849,0.19182,2.36821,0.886267
447,14898.5,-0.194408,0.3917,2.29921,-0.0843536,0.168154,2.34043,-0.9596
447,14898.5,0.199234,0.429583,2.18623,0.09088,0.193242,2.23693,0.671573
449,14965.2,0.0456157,0.43961,2.21665,0.0205757,0.19574,2.26029,0.0763485
450,14998.5,-0.030033,0.441716,2.22309,-0.0135088,0.196122,2.26675,-0.195401
451,15031.8,-0.047865,0.434763,2.17904,-0.0219625,0.196888,2.22251,-0.344714
453,15098.5,0.226342,0.410917,2.25139,0.100198,0.179644,2.29974,0.677115
454,15131.8,0.290038,0.446264,2.43122,0.118736,0.180284,2.4888,1.08985
455,15165.1,0.111266,0.402172,2.20315,0.0504605,0.180331,2.24232,0.268019
456,15198.5,0.0927423,0.404861,2.21388,0.0418668,0.18072,2.25251,0.242358
457,15231.8,0.0452696,0.405646,2.21466,0.0204381,0.181119,2.25196,0.152601
458,15265.1,0.0231629,0.400933,2.18684,0.0105916,0.181316,2.22341,-0.243612
459,15298.5,0.00540501,0.400956,2.18711,0.00247129,0.181313,2.22357,-0.261907
460,15331.8,-0.134724,0.406608,2.23864,-0.0601087,0.179356,2.27925,-0.605857
461,15365.1,-0.129617,0.350625,1.91644,-0.0675312,0.180551,1.95256,0.86083
462,15398.5,-0.189493,0.412355,2.28683,-0.0826738,0.177804,2.33142,-0.823237
466,15531.8,-0.073152,0.43314,2.2184,-0.0329632,0.192721,2.26147,-0.333928
467,15565.1,0.274446,0.406451,2.3825,0.114687,0.167882,2.43246,0.948047
468,15598.4,-0.186723,0.451908,2.33179,-0.0799064,0.190834,2.3825,-0.757162
468,15598.4,0.231392,0.393433,2.29658,0.100416,0.168827,2.3415,0.765897
469,15631.8,-0.223084,0.450409,2.34209,-0.0949635,0.189155,2.39542,-0.971884
469,15631.8,0.179417,0.37471,2.17923,0.0821448,0.169717,2.21848,0.639113
471,15698.4,0.102204,0.398954,2.3067,0.0442786,0.171096,2.34318,-0.0868097
472,15731.8,0.0632715,0.3916,2.26528,0.0279238,0.171113,2.29975,-0.0456908
473,15765.1,0.0526633,0.389105,2.25104,0.0233908,0.171118,2.28503,-0.0371685
475,15831.8,-0.115973,0.380974,2.22056,-0.0521796,0.169686,2.25599,-0.625082
475,15831.8,0.290876,0.472571,2.4244,0.119408,0.191172,2.48709,0.966415
476,15865.1,-0.122075,0.312162,1.79374,-0.0679513,0.171913,1.82479,1.00773
476,15865.1,0.255186,0.458601,2.34394,0.108443,0.192106,2.40198,0.809405
477,15898.4,-0.198257,0.390635,2.29183,-0.0862913,0.168208,2.33332,-0.983698
477,15898.4,0.189908,0.423243,2.15174,0.0880298,0.193486,2.20117,0.672092
478,15931.7,0.153272,0.428669,2.16979,0.0705219,0.194578,2.21704,0.502119
479,15965.1,0.147263,0.436466,2.20873,0.0665748,0.194675,2.25625,0.409505
480,15998.4,0.0280512,0.439422,2.216,0.0126578,0.19574,2.25932,0.0898915
481,16031.7,-0.00938791,0.438754,2.21075,-0.00424646,0.195917,2.25388,-0.257105
482,16065.1,-0.0193925,0.438034,2.20703,-0.00878648,0.195919,2.25016,-0.233085
483,16098.4,-0.128542,0.439945,2.20935,-0.0581152,0.196234,2.25639,-0.642459
483,16098.4,0.277942,0.420273,2.32506,0.118977,0.177589,2.37903,0.903848
484,16131.7,0.233845,0.410367,2.24748,0.103675,0.179651,2.29657,0.717303
485,16165,0.167847,0.403365,2.20952,0.0758199,0.180062,2.2523,0.475612
486,16198.4,0.122157,0.402583,2.20748,0.0552817,0.18012,2.24721,0.332477
487,16231.7,0.160201,0.298732,1.59482,0.100115,0.184262,1.63045,0.351644
488,16265,0.0170218,0.411218,2.24292,0.00758898,0.181322,2.28037,-0.0686162
489,16298.4,-0.0224414,0.394574,2.14983,-0.0104383,0.181507,2.18585,-0.327247
490,16331.7,-0.0428543,0.411219,2.24778,-0.0190629,0.180912,2.28549,-0.264908
491,16365,-0.135137,0.414962,2.28307,-0.059122,0.179486,2.3244,-0.533517
492,16398.4,-0.195884,0.414222,2.29788,-0.0850399,0.177717,2.34311,-0.853839
493,16431.7,-0.241412,0.43655,2.44025,-0.0986081,0.176181,2.49072,-1.0218
493,16431.7,0.173699,0.42135,2.16077,0.080215,0.19198,2.20831,0.583288
497,16565,-0.0730345,0.436925,2.23775,-0.0326259,0.192726,2.28118,-0.337882
498,16598.3,-0.119854,0.444453,2.27935,-0.0525343,0.192315,2.32537,-0.47193
499,16631.7,0.254455,0.399263,2.33714,0.108448,0.168225,2.38461,0.859609
500,16665,-0.179323,0.437275,2.2539,-0.0793942,0.191039,2.30292,-0.790447
500,16665,0.235013,0.397733,2.32289,0.10083,0.168734,2.36838,0.752655
501,16698.3,-0.20096,0.429061,2.22483,-0.0900816,0.189758,2.27472,-0.934633
501,16698.3,0.150115,0.292574,1.6708,0.0896054,0.172671,1.70286,-1.00526
502,16731.7,-0.212117,0.441119,2.29074,-0.0923343,0.189447,2.34244,-0.947107
503,16765,0.113933,0.398731,2.30573,0.049373,0.171032,2.34272,0.168111
504,16798.3,0.0168932,0.3872,2.24082,0.00753868,0.1711,2.27409,-0.107628
505,16831.6,-0.0391254,0.386092,2.23965,-0.0174677,0.170686,2.27302,-0.284414
506,16865,-0.0470709,0.377929,2.19333,-0.0214576,0.170594,2.22615,-0.383415
507,16898.3,-0.10759,0.3853,2.24262,-0.0479382,0.169955,2.27802,-0.563707
508,16931.6,-0.190458,0.388178,2.27668,-0.0834617,0.168301,2.31738,-0.953426
508,16931.6,0.202153,0.430566,2.19123,0.0919952,0.193223,2.24226,0.684592
509,16965,-0.226754,0.419983,2.47135,-0.0914968,0.167642,2.51702,-1.03979
509,16965,0.176606,0.439565,2.2363,0.0788091,0.193497,2.28592,0.500745
510,16998.3,0.170967,0.44847,2.27507,0.0750069,0.194095,2.32514,0.437844
511,17031.6,0.0590411,0.440264,2.22208,0.026564,0.195532,2.26604,-0.155021
512,17065,0.0497344,0.443299,2.23584,0.0222404,0.195683,2.27991,0.113157
513,17098.3,-0.0708514,0.437894,2.19428,-0.032278,0.196874,2.23866,-0.420883
514,17131.6,-0.118198,0.436854,2.19193,-0.053872,0.196446,2.23816,-0.612578
515,17165,0.279431,0.428249,2.36579,0.117568,0.177868,2.42042,0.857005
516,17198.3,0.266424,0.417896,2.30087,0.115279,0.1785,2.35364,0.840027
517,17231.6,0.125942,0.408306,2.23865,0.0561989,0.180128,2.27906,0.271108
518,17264.9,0.164325,0.304341,1.6258,0.100731,0.184136,1.66219,0.307462
519,17298.3,0.0284632,0.400889,2.18649,0.013017,0.181319,2.22312,-0.182301
520,17331.6,-0.0499604,0.411242,2.24777,-0.022223,0.18091,2.28563,-0.261432
521,17364.9,-0.0598339,0.411498,2.24899,-0.0265985,0.180906,2.28711,-0.298653
522,17398.3,-0.160278,0.400567,2.21232,-0.0723215,0.178663,2.254,-0.742914
523,17431.6,-0.219224,0.417059,2.32429,-0.0940403,0.176777,2.37157,-0.969662
524,17464.9,0.143495,0.426136,2.17551,0.0658637,0.19302,2.22149,0.473064
528,17598.2,-0.118479,0.450166,2.30882,-0.051271,0.192314,2.35528,-0.411937
529,17631.6,0.249185,0.398484,2.32979,0.106551,0.168456,2.37673,0.835316
530,17664.9,-0.212076,0.443629,2.30446,-0.0917704,0.189401,2.35633,-0.944683
530,17664.9,0.191058,0.378079,2.20086,0.0865937,0.169501,2.24126,0.660981
531,17698.2,0.172478,0.386291,2.24328,0.0767354,0.170034,2.28282,0.516527
533,17764.9,0.00979106,0.38651,2.23706,0.00437673,0.171086,2.27022,0.158359
534,17798.2,-0.0556449,0.385641,2.23693,-0.0248705,0.170668,2.27061,-0.340757
535,17831.5,-0.106813,0.385158,2.24162,-0.0476139,0.169971,2.27697,-0.565165
536,17864.9,-0.122912,0.38627,2.24971,-0.0545804,0.169791,2.28594,-0.629705
536,17864.9,0.283089,0.4653,2.38532,0.118127,0.191339,2.44671,0.958629
537,17898.2,-0.184437,0.388105,2.27294,-0.0809675,0.168576,2.3132,-0.916357
537,17898.2,0.215335,0.442472,2.25311,0.0952829,0.193057,2.30622,0.667983
538,17931.5,-0.19268,0.392849,2.30538,-0.0833847,0.168209,2.34653,-0.932805
538,17931.5,0.202296,0.429787,2.18766,0.0922092,0.193186,2.23863,0.690351
539,17964.9,0.127652,0.449868,2.27528,0.056045,0.194903,2.32284,0.238588
540,17998.2,0.0497344,0.443299,2.23584,0.0222404,0.195683,2.27991,0.113157
541,18031.5,0.0117194,0.43274,2.1813,0.0053726,0.19584,2.22384,-0.293435
542,18064.9,0.00250079,0.43538,2.19362,0.00114003,0.195929,2.23641,-0.211695
543,18098.2,-0.112326,0.442225,2.21714,-0.0506191,0.196628,2.26361,-0.539605
544,18131.5,0.25076,0.413496,2.2693,0.110055,0.179169,2.32025,0.78317
546,18198.2,0.194376,0.402229,2.20554,0.0879036,0.179708,2.25033,0.598197
547,18231.5,0.125724,0.408119,2.23769,0.0561258,0.180123,2.27808,0.278071
548,18264.8,0.0369843,0.400912,2.18652,0.0169131,0.181317,2.22328,-0.249679
549,18298.2,0.0266185,0.400929,2.18677,0.0121719,0.181316,2.22338,-0.245135
550,18331.5,-0.0598374,0.404913,2.2154,-0.0270032,0.180712,2.25289,-0.301312
551,18364.8,-0.127286,0.347689,1.8989,-0.0669315,0.180698,1.93466,0.852508
552,18398.2,-0.134179,0.353731,1.9343,-0.0692574,0.18045,1.97095,0.90545
553,18431.5,-0.169459,0.40161,2.22306,-0.0760807,0.178222,2.26539,-0.770486
557,18564.8,-0.124833,0.431686,2.21533,-0.05629,0.192154,2.26044,-0.572802
557,18564.8,0.286352,0.415469,2.43734,0.116949,0.167705,2.48903,0.975957
558,18598.1,-0.18238,0.444148,2.29038,-0.0794613,0.190952,2.34016,-0.768085
558,18598.1,0.231364,0.392119,2.28733,0.100808,0.168935,2.3322,0.763754
559,18631.5,-0.221532,0.449301,2.33552,-0.0945702,0.189226,2.38864,-0.976153
559,18631.5,0.183379,0.38089,2.21415,0.0826327,0.169788,2.25415,0.611461
561,18698.1,0.139618,0.395392,2.29231,0.0608323,0.170496,2.33034,0.337746
562,18731.5,0.0454195,0.391703,2.2663,0.0200386,0.171113,2.30035,-0.0331069
563,18764.8,0.00677891,0.381536,2.21112,0.00306582,0.17087,2.2438,0.189767
564,18798.1,-0.122739,0.379793,2.21201,-0.0554308,0.169782,2.24773,-0.65292
564,18798.1,0.279193,0.460766,2.36246,0.117633,0.191319,2.42311,0.950339
565,18831.5,-0.137621,0.379972,2.21874,-0.0619474,0.169291,2.25524,-0.725721
565,18831.5,0.268204,0.460202,2.35621,0.113341,0.191679,2.41566,0.868614
566,18864.8,-0.160461,0.385138,2.25179,-0.0711391,0.168977,2.29012,-0.804932
566,18864.8,0.251175,0.462519,2.36299,0.105898,0.192234,2.4209,0.769376
567,18898.1,0.141907,0.445237,2.25106,0.0629567,0.194892,2.29906,0.373702
568,18931.4,0.115804,0.449733,2.27519,0.0508548,0.194907,2.3221,0.195611
569,18964.8,0.009447,0.435259,2.19298,0.00430781,0.19593,2.23578,-0.215984
570,18998.1,-0.0380461,0.442447,2.22215,-0.0171196,0.19651,2.26608,-0.248578
571,19031.4,-0.0515719,0.408147,2.05155,-0.0251327,0.196321,2.09239,-0.540263
572,19064.8,0.266553,0.421112,2.31795,0.114492,0.178563,2.37092,0.817489
573,19098.1,0.195263,0.408781,2.24014,0.0869458,0.179827,2.28549,0.564124
574,19131.4,0.15084,0.407514,2.23294,0.06745,0.180113,2.27482,0.398392
575,19164.8,0.131706,0.40617,2.22664,0.0590814,0.180122,2.26721,0.317143
576,19198.1,0.0231629,0.400933,2.18684,0.0105916,0.181316,2.22341,-0.243612
577,19231.4,-0.0228773,0.400973,2.18714,-0.0104595,0.181309,2.22371,0.31559
578,19264.7,-0.107211,0.399381,2.19262,-0.0488573,0.179962,2.23127,-0.542521
579,19298.1,-0.12967,0.350105,1.91348,-0.0676633,0.180561,1.94956,0.867334
580,19331.4,-0.214278,0.424168,2.36147,-0.0904913,0.177013,2.40882,-0.89912
581,19364.7,-0.215834,0.415478,2.31548,-0.092945,0.176795,2.36234,-0.955917
585,19498,-0.0749182,0.430354,2.20387,-0.0339808,0.192736,2.24675,-0.409043
586,19531.4,-0.192132,0.445039,2.29963,-0.0833556,0.190516,2.35016,-0.820853
586,19531.4,0.218827,0.386124,2.25007,0.0969483,0.169167,2.29343,0.729761
587,19564.7,-0.21704,0.44638,2.31951,-0.0932998,0.189314,2.37203,-0.958735
587,19564.7,0.187973,0.381229,2.21672,0.0845952,0.169715,2.2571,0.629464
588,19598,0.127296,0.396988,2.29529,0.0554029,0.171006,2.33285,0.281594
589,19631.4,0.0704283,0.396733,2.29493,0.030679,0.171103,2.33004,-0.0558021
590,19664.7,0.0204232,0.387152,2.24051,0.00911518,0.1711,2.2738,-0.110262
591,19698,-0.0355903,0.386062,2.23952,-0.0158906,0.170687,2.27283,-0.286273
592,19731.4,-0.0786542,0.380064,2.20871,-0.0355958,0.1703,2.24255,-0.475261
593,19764.7,-0.118165,0.377317,2.19747,-0.0537216,0.169806,2.23275,-0.660012
593,19764.7,0.288548,0.471887,2.42118,0.118617,0.191167,2.48355,0.951191
594,19798,-0.221607,0.412551,2.42481,-0.0911382,0.167837,2.46962,-1.04085
594,19798,0.177562,0.43705,2.22285,0.079711,0.19354,2.27235,0.537966
595,19831.3,0.126912,0.442553,2.23588,0.056701,0.195101,2.28279,0.310023
596,19864.7,0.0704421,0.440024,2.22052,0.0317126,0.195532,2.2648,-0.163072
597,19898,0.0614747,0.442979,2.23586,0.027488,0.19552,2.28014,-0.235752
598,19931.3,-0.0153897,0.436926,2.20142,-0.00699067,0.195924,2.24442,-0.217603
599,19964.7,-0.0341365,0.443206,2.23059,-0.0153026,0.196118,2.27445,-0.208626
600,19998,0.27879,0.427061,2.35893,0.11764,0.177889,2.41343,0.861905
601,20031.3,0.263739,0.422885,2.32472,0.112966,0.178818,2.37755,0.801426
602,20064.7,0.144967,0.407433,2.23301,0.0648293,0.180103,2.2745,0.3532
603,20098,0.0729895,0.388107,2.11103,0.0345615,0.18171,2.14765,-0.417036
604,20131.3,0.164204,0.304118,1.62447,0.100739,0.184151,1.66083,0.309142
605,20164.6,-0.0783322,0.403816,2.21391,-0.0353671,0.180306,2.2518,-0.398796
606,20198,-0.134349,0.41285,2.27168,-0.059072,0.179468,2.3128,-0.549363
607,20231.3,-0.169291,0.401819,2.22475,-0.0759479,0.178183,2.26707,-0.767171
608,20264.6,-0.204901,0.421445,2.34149,-0.0872862,0.177419,2.38793,-0.868413
609,20298,-0.214858,0.417601,2.32585,-0.0921169,0.176917,2.37279,-0.939865
610,20331.3,0.142626,0.43095,2.1996,0.0647512,0.193076,2.24595,0.419765
613,20431.3,-0.090629,0.433113,2.21762,-0.040845,0.192721,2.26133,-0.433804
614,20464.6,-0.108829,0.436857,2.23843,-0.04858,0.192518,2.28326,-0.455485
615,20498,-0.190968,0.447728,2.31317,-0.0823703,0.190559,2.36383,-0.807953
615,20498,0.218322,0.381498,2.22096,0.0979859,0.169311,2.26403,0.758268
616,20531.3,-0.206293,0.439822,2.27957,-0.0902506,0.189841,2.33076,-0.91738
617,20564.6,-0.212846,0.441583,2.29367,-0.0925318,0.189401,2.34547,-0.948848
617,20564.6,0.188207,0.377037,2.19235,0.0856373,0.1697,2.23248,0.651536
618,20597.9,0.135884,0.387727,2.24658,0.0604111,0.170596,2.28384,0.377821
619,20631.3,-0.00368814,0.381651,2.2118,-0.00166748,0.17087,2.24449,0.193064
620,20664.6,-0.022939,0.383296,2.22346,-0.0103164,0.170701,2.25637,-0.219334
621,20697.9,-0.115995,0.380478,2.21457,-0.0523303,0.169918,2.25,-0.63811
621,20697.9,0.289375,0.469875,2.41139,0.119432,0.191108,2.47372,0.974258
622,20731.3,-0.126564,0.32269,1.85951,-0.0679583,0.171435,1.89154,0.986386
622,20731.3,0.256059,0.461695,2.35802,0.108167,0.19225,2.4164,0.806869
623,20764.6,-0.173662,0.385466,2.25485,-0.0768655,0.168823,2.29414,-0.867104
623,20764.6,0.224847,0.439273,2.23693,0.100179,0.192957,2.29072,0.739503
624,20797.9,0.152017,0.429156,2.17117,0.0699021,0.194681,2.21839,0.498583
625,20831.2,0.103402,0.443621,2.24232,0.0460813,0.195115,2.28812,-0.294186
627,20897.9,-0.0114029,0.435617,2.1948,-0.00519539,0.195928,2.23764,-0.203038
628,20931.2,-0.0389108,0.441567,2.21556,-0.0175607,0.196696,2.25947,-0.302354
629,20964.6,-0.100072,0.442912,2.22084,-0.04503,0.196658,2.26678,-0.494084
630,20997.9,0.263696,0.417746,2.29967,0.114168,0.17855,2.35214,0.824202
631,21031.2,0.20765,0.404824,2.21991,0.0932687,0.179612,2.26605,0.638323
632,21064.6,0.157745,0.407725,2.23389,0.0704976,0.180092,2.27627,0.398908
634,21131.2,0.15876,0.296549,1.58333,0.0999355,0.184246,1.61867,0.350281
635,21164.5,0.01349,0.411319,2.24349,0.00601285,0.181322,2.28093,-0.0622262
636,21197.9,0.00287532,0.411468,2.24436,0.00128113,0.181321,2.28176,-0.0472467
637,21231.2,-0.0357608,0.40616,2.21777,-0.0161232,0.181108,2.25494,-0.288774
638,21264.5,-0.0819169,0.403724,2.21344,-0.0369921,0.180293,2.25144,-0.397828
639,21297.9,-0.217031,0.416741,2.32261,-0.0931724,0.176785,2.36966,-0.960562
639,21297.9,0.195248,0.426082,2.18901,0.0889593,0.191501,2.23862,0.624945
640,21331.2,0.157074,0.431363,2.20816,0.0710138,0.192446,2.25537,0.47697
645,21497.8,-0.0753844,0.428445,2.19455,-0.0343372,0.192696,2.23725,-0.391737
646,21531.2,0.243985,0.3974,2.32072,0.104748,0.168683,2.36711,0.810053
647,21564.5,-0.177566,0.440854,2.27089,-0.0780338,0.191178,2.32009,-0.755652
647,21564.5,0.235765,0.394016,2.30077,0.102116,0.168742,2.34614,0.786195
648,21597.8,0.138131,0.380478,2.20603,0.0625336,0.170465,2.24286,0.441297
649,21631.2,0.0986916,0.401412,2.32119,0.042492,0.171089,2.35771,-0.0977761
650,21664.5,0.0384695,0.389171,2.25171,0.0170829,0.171118,2.28542,-0.0274023
651,21697.8,-0.0274767,0.386947,2.24521,-0.0122373,0.170654,2.27848,-0.226617
653,21764.5,-0.118178,0.376065,2.19055,-0.0538969,0.169777,2.22574,-0.673015
653,21764.5,0.288389,0.472327,2.42298,0.118465,0.191206,2.48537,0.944547
654,21797.8,-0.165575,0.389002,2.2743,-0.0726747,0.168965,2.31326,-0.809561
654,21797.8,0.243878,0.455618,2.32593,0.10447,0.192408,2.38265,0.755922
655,21831.1,-0.202834,0.394698,2.31813,-0.0872767,0.168018,2.36022,-0.997749
655,21831.1,0.186939,0.425688,2.16412,0.0861674,0.19352,2.2135,0.637983
656,21864.5,-0.227564,0.423544,2.49104,-0.0911002,0.167731,2.53702,-1.02043
656,21864.5,0.177454,0.436951,2.22228,0.0796832,0.193546,2.27177,0.54083
657,21897.8,0.160731,0.438396,2.22203,0.0722097,0.194299,2.27056,0.478252
658,21931.1,0.0286013,0.431339,2.17722,0.0131359,0.195565,2.21972,-0.0959721
660,21997.8,-0.0681706,0.430306,2.15651,-0.031601,0.196855,2.20008,-0.455012
661,22031.1,-0.0785611,0.442483,2.21929,-0.0353844,0.19668,2.26433,-0.396598
662,22064.5,0.228568,0.408438,2.2379,0.101782,0.179609,2.28632,0.701868
663,22097.8,0.205729,0.407461,2.23473,0.0918011,0.179607,2.28087,0.605138
664,22131.1,0.0962917,0.398679,2.18233,0.0440947,0.180521,2.22054,0.303864
665,22164.4,0.0718028,0.381797,2.07902,0.0345231,0.181513,2.11501,-0.453597
666,22197.8,0.00995344,0.411379,2.24385,0.00443585,0.181321,2.28127,-0.0570315
667,22231.1,-0.0113314,0.394462,2.14926,-0.00527219,0.181511,2.18519,-0.293063
668,22264.4,-0.132105,0.407536,2.24327,-0.0588218,0.179407,2.28381,-0.57624
670,22331.1,-0.241496,0.438526,2.45189,-0.0981772,0.176146,2.50248,-1.01533
670,22331.1,0.17282,0.416184,2.13474,0.0807797,0.19193,2.18179,0.617471
672,22397.8,0.0144025,0.38115,1.93772,0.00743261,0.194216,1.9749,0.143487
675,22497.8,-0.0989416,0.43729,2.23873,-0.0441666,0.192717,2.28318,-0.420926
676,22531.1,-0.180092,0.440303,2.26866,-0.0792164,0.191111,2.318,-0.780547
676,22531.1,0.230491,0.389725,2.27491,0.100974,0.168819,2.31953,0.786156
677,22564.4,-0.221461,0.449606,2.33781,-0.0944483,0.189173,2.39093,-0.970289
677,22564.4,0.179233,0.371875,2.16203,0.0827112,0.169764,2.20109,0.647602
679,22631.1,0.0455673,0.38914,2.2514,0.0202367,0.171118,2.28524,-0.0322874
680,22664.4,-0.0114963,0.387079,2.24825,-0.00511342,0.170496,2.28135,0.122447
681,22697.7,-0.0642062,0.373325,2.16685,-0.0296224,0.170541,2.19972,-0.476205
682,22731.1,-0.108109,0.384381,2.23762,-0.0482766,0.169926,2.27297,-0.567677
683,22764.4,-0.122301,0.314411,1.80674,-0.0675881,0.17191,1.83797,0.997126
683,22764.4,0.261401,0.468669,2.39356,0.108779,0.192243,2.45298,0.780634
684,22797.7,-0.178455,0.385508,2.25648,-0.0789209,0.168694,2.29612,-0.898093
684,22797.7,0.220203,0.441099,2.24628,0.0977177,0.192999,2.29975,0.697278
685,22831,-0.214986,0.405237,2.38406,-0.0899332,0.167701,2.4278,-1.03066
685,22831,0.176853,0.425021,2.15963,0.0817084,0.193687,2.20815,0.598474
686,22864.4,-0.228512,0.422208,2.48451,-0.0917163,0.167634,2.53047,-1.04126
686,22864.4,0.177226,0.443635,2.25466,0.078443,0.193699,2.30471,0.492459
688,22931,-0.00890146,0.437872,2.20626,-0.00403462,0.19592,2.24931,-0.239245
690,22997.7,-0.1109,0.4308,2.15988,-0.0513006,0.19662,2.20521,-0.604661
690,22997.7,0.310928,0.452278,2.5145,0.12303,0.176648,2.5737,0.92077
691,23031,0.250336,0.414811,2.27431,0.10963,0.179347,2.32534,0.771369
692,23064.4,0.210837,0.392151,2.14406,0.0980204,0.180052,2.1898,0.683821
694,23131,0.0564952,0.40267,2.20019,0.0256718,0.180954,2.23745,0.0347117
695,23164.3,0.0170218,0.411218,2.24292,0.00758898,0.181322,2.28037,-0.0686162
696,23197.7,-0.0335066,0.39796,2.17106,-0.0154321,0.181268,2.20749,-0.328814
697,23231,-0.0535137,0.411253,2.24776,-0.0238031,0.18091,2.28569,-0.259687
698,23264.3,-0.18007,0.407103,2.25542,-0.0796698,0.178022,2.29893,-0.799438
699,23297.7,-0.223802,0.421966,2.35382,-0.0947953,0.176605,2.40179,-0.979996
699,23297.7,0.190285,0.426506,2.19098,0.086632,0.191556,2.24021,0.61368
700,23331,0.14046,0.429863,2.19284,0.0639664,0.193189,2.23899,0.43306
705,23497.6,-0.101587,0.4342,2.22291,-0.0456682,0.192705,2.2672,-0.445672
706,23531,-0.199599,0.436415,2.2595,-0.0881086,0.190074,2.3099,-0.896501
706,23531,0.156426,0.298974,1.70712,0.0913762,0.172666,1.74015,-1.03077
707,23564.3,-0.222873,0.449716,2.33874,-0.0950091,0.189134,2.39199,-0.978239
707,23564.3,0.179103,0.375393,2.18248,0.0818808,0.169777,2.22176,0.624246
708,23597.6,0.101427,0.401367,2.32081,0.0436752,0.171089,2.35745,-0.100044
709,23631,0.0811894,0.394042,2.27892,0.0356112,0.171108,2.31416,-0.0605135
710,23664.3,0.00488756,0.383393,2.22135,0.00220026,0.17091,2.2542,0.260098
712,23731,-0.131522,0.379789,2.21271,-0.0593694,0.16969,2.24892,-0.695968
712,23731,0.268877,0.453427,2.32329,0.115218,0.191496,2.38235,0.913616
713,23764.3,-0.148974,0.371127,2.16281,-0.0687711,0.169546,2.19947,-0.816939
713,23764.3,0.251306,0.453211,2.31729,0.108026,0.192042,2.37453,0.816859
714,23797.6,-0.188685,0.391678,2.29915,-0.0818839,0.168183,2.33989,-0.928982
714,23797.6,0.209861,0.437489,2.22801,0.0939152,0.193058,2.28023,0.676408
715,23830.9,0.132664,0.449916,2.27526,0.0582414,0.194902,2.32311,0.258009
716,23864.3,0.0654156,0.442348,2.23252,0.0292929,0.195523,2.27686,-0.210824
717,23897.6,-0.00144135,0.436697,2.2003,-0.000655068,0.195925,2.24322,-0.226039
718,23930.9,-0.0508503,0.394561,1.98405,-0.025624,0.196243,2.02354,-0.605926
720,23997.6,0.256626,0.416167,2.28683,0.111752,0.178915,2.33851,0.796661
721,24030.9,0.176366,0.406755,2.22765,0.0790065,0.180053,2.27134,0.495336
722,24064.3,0.122177,0.408097,2.23776,0.0545439,0.180124,2.27795,0.280005
723,24097.6,0.104203,0.417849,2.28692,0.0455332,0.180536,2.32711,-0.150244
724,24130.9,0.00367701,0.400957,2.18712,0.00168121,0.181313,2.22357,-0.261133
725,24164.2,-0.0828305,0.408596,2.24248,-0.0369201,0.18011,2.28091,-0.368843
727,24230.9,-0.18174,0.408569,2.26421,-0.0800945,0.177965,2.30795,-0.80302
728,24264.2,-0.215422,0.415165,2.31355,-0.0928458,0.176811,2.36035,-0.962668
729,24297.6,0.162293,0.419613,2.14888,0.0753812,0.19231,2.19547,0.561008
731,24364.2,0.0116496,0.379271,1.92814,0.00604182,0.19422,1.96512,0.139676
733,24430.9,-0.0819579,0.424436,2.17344,-0.037691,0.192723,2.21601,-0.456278
734,24464.2,0.266257,0.403006,2.36132,0.112283,0.167996,2.41022,0.908865
735,24497.5,0.246196,0.398907,2.32951,0.105295,0.168674,2.3762,0.817718
736,24530.9,-0.205916,0.436481,2.26373,-0.0907134,0.189713,2.31461,-0.938619
736,24530.9,0.194926,0.379191,2.20691,0.0880965,0.169511,2.24772,0.664193
737,24564.2,-0.223174,0.449673,2.33884,-0.0951326,0.189107,2.39211,-0.983301
737,24564.2,0.179054,0.377345,2.19239,0.0814898,0.169891,2.23182,0.617359
738,24597.5,0.140616,0.405542,2.34663,0.059851,0.170828,2.38556,0.229627
739,24630.9,0.111097,0.403723,2.33417,0.0475602,0.171078,2.37143,-0.181394
740,24664.2,-0.00586236,0.38737,2.24726,-0.00260867,0.170697,2.28041,-0.207258
741,24697.5,-0.058463,0.372334,2.16151,-0.0270407,0.170521,2.19412,-0.465173
742,24730.9,-0.132347,0.379928,2.21502,-0.0596789,0.169574,2.25126,-0.702886
742,24730.9,0.26736,0.451362,2.31369,0.115046,0.191421,2.37242,0.911378
743,24764.2,-0.152212,0.377295,2.2021,-0.0690116,0.16929,2.23937,-0.795026
743,24764.2,0.252302,0.456031,2.3313,0.107804,0.192079,2.38885,0.7978
744,24797.5,-0.174036,0.384368,2.24776,-0.0772721,0.168867,2.28702,-0.881411
745,24830.8,0.138485,0.441644,2.23529,0.0618748,0.194701,2.28271,0.339086
746,24864.2,0.0726684,0.436365,2.20001,0.033019,0.195701,2.24405,0.188987
747,24897.5,0.0266738,0.435783,2.19916,0.0121285,0.195611,2.24208,0.0697076
749,24964.2,0.248416,0.41524,2.27624,0.108704,0.179397,2.3271,0.762642
750,24997.5,0.210338,0.412633,2.26219,0.0927134,0.179662,2.30912,0.584758
751,25030.8,0.291038,0.44442,2.4224,0.119571,0.180177,2.47996,1.15945
752,25064.2,0.172415,0.401568,2.19954,0.0782268,0.18004,2.24253,0.512126
754,25130.8,0.0314227,0.400905,2.18655,0.0143699,0.181317,2.22323,-0.217861
755,25164.1,0.01349,0.411319,2.24349,0.00601285,0.181322,2.28093,-0.0622262
756,25197.5,-0.101987,0.40772,2.23706,-0.045558,0.180095,2.2762,-0.437133
757,25230.8,-0.132078,0.418639,2.30229,-0.0573055,0.179582,2.34377,-0.518532
758,25264.1,-0.205547,0.416575,2.31637,-0.088505,0.177256,2.36249,-0.89213
759,25297.5,-0.214741,0.422844,2.35464,-0.0909476,0.176966,2.40193,-0.91419
764,25464.1,-0.121692,0.438383,2.24999,-0.054033,0.192153,2.29553,-0.500706
764,25464.1,0.295384,0.42442,2.49264,0.117953,0.167502,2.54571,0.980768
765,25497.4,0.242184,0.393306,2.29594,0.105095,0.16874,2.34194,0.819833
766,25530.8,-0.209789,0.442571,2.29811,-0.0910349,0.189482,2.34973,-0.926468
766,25530.8,0.194645,0.380224,2.21352,0.0877091,0.169472,2.25435,0.655593
767,25564.1,-0.238524,0.469638,2.44024,-0.0974365,0.189251,2.49644,-1.00209
767,25564.1,0.170587,0.377394,2.19151,0.0776832,0.17003,2.2303,0.577173
768,25597.4,0.0969747,0.389187,2.24809,0.0431098,0.171264,2.28359,0.230672
769,25630.8,0.0408602,0.393991,2.28035,0.0179165,0.171061,2.31449,-0.112645
770,25664.1,0.00316333,0.382874,2.21875,0.00142573,0.17088,2.25154,0.176392
772,25730.8,-0.112616,0.38757,2.25684,-0.0498584,0.169865,2.29265,-0.567298
773,25764.1,-0.157241,0.387707,2.26611,-0.0692773,0.16905,2.3044,-0.778882
773,25764.1,0.254737,0.461392,2.35824,0.107603,0.19212,2.41642,0.776405
774,25797.4,-0.190029,0.39225,2.30125,-0.0823893,0.168267,2.34216,-0.931356
774,25797.4,0.210297,0.440474,2.24354,0.0934616,0.193039,2.29602,0.657358
775,25830.8,0.165998,0.448202,2.26928,0.0730199,0.194492,2.31907,0.41755
776,25864.1,0.110741,0.442222,2.23497,0.0495085,0.195108,2.28099,0.238581
777,25897.4,0.0627699,0.438396,2.21247,0.0283633,0.195537,2.25636,-0.13774
779,25964.1,0.00589474,0.433457,2.18174,0.00270184,0.19612,2.22439,-0.236075
780,25997.4,0.262741,0.417275,2.29664,0.113907,0.178589,2.34898,0.821209
781,26030.7,0.19669,0.400122,2.19338,0.089435,0.179732,2.23824,0.616075
782,26064.1,0.166525,0.407298,2.23102,0.0745026,0.180083,2.274,0.459759
783,26097.4,0.0997459,0.398692,2.18225,0.045676,0.18052,2.22062,0.302037
784,26130.7,0.0905093,0.401379,2.1949,0.0412129,0.18072,2.23313,0.265472
785,26164,0.00287532,0.411468,2.24436,0.00128113,0.181321,2.28176,-0.0472467
786,26197.4,-0.0566761,0.411388,2.24845,-0.0252014,0.180908,2.28647,-0.279745
788,26264,-0.143914,0.371438,2.03955,-0.0704446,0.179706,2.07809,0.889187
789,26297.4,-0.211199,0.415787,2.31643,-0.0909231,0.176885,2.36291,-0.930145
790,26330.7,0.163211,0.425366,2.17948,0.0747459,0.192221,2.22659,0.528976
793,26430.7,0.0110136,0.382937,1.94687,0.00565704,0.194212,1.9842,0.152275
794,26464,-0.0671291,0.436534,2.23591,-0.0300142,0.192728,2.27911,-0.284591
795,26497.3,-0.111476,0.432314,2.21705,-0.0502387,0.192341,2.26156,-0.518478
796,26530.7,0.258022,0.400108,2.34273,0.109695,0.168157,2.39062,0.870937
797,26564,-0.201821,0.437486,2.26919,-0.0887065,0.189727,2.31977,-0.905261
798,26597.3,0.156864,0.384264,2.23105,0.0701941,0.170149,2.26933,0.451877
799,26630.7,0.135999,0.400398,2.31788,0.0586067,0.170767,2.35614,0.238339
800,26664,0.0596448,0.39421,2.28055,0.0261477,0.171108,2.31514,-0.0448538
801,26697.3,-0.0169318,0.384812,2.23239,-0.00758447,0.170695,2.26537,-0.2593
803,26764,-0.112374,0.382867,2.22848,-0.0503835,0.169934,2.26392,-0.596797
804,26797.3,-0.157229,0.386352,2.25706,-0.0695485,0.16913,2.29528,-0.789191
804,26797.3,0.251914,0.457906,2.33717,0.107371,0.192386,2.39489,0.786863
805,26830.6,-0.190518,0.392147,2.30142,-0.0825946,0.168208,2.34235,-0.940054
805,26830.6,0.208381,0.439039,2.2358,0.0929334,0.193084,2.28801,0.654024
806,26864,0.153144,0.43855,2.21896,0.068907,0.194672,2.26706,0.426032
807,26897.3,0.0866874,0.430799,2.17357,0.0398614,0.195512,2.21755,-0.371095
808,26930.6,0.0525551,0.441155,2.225,0.0236159,0.195681,2.26892,0.0975412
809,26964,-0.0239141,0.439675,2.21534,-0.0107944,0.195912,2.25867,-0.267374
811,27030.6,-0.124898,0.438802,2.20396,-0.0566091,0.19622,2.25068,-0.638086
811,27030.6,0.284321,0.425323,2.35481,0.120159,0.177431,2.40975,0.902526
812,27064,0.236613,0.409609,2.24425,0.105043,0.179554,2.29356,0.732528
814,27130.6,0.1526,0.402282,2.20422,0.0691205,0.180097,2.24582,0.427948
