frame_id,timestamp,xc,yc,zc,xa,za,armor_id,body_yaw,pred_armor_yaw,obs_armor_yaw,err_target_yaw,err_target_pitch,err_distance,err_armor_yaw,r,dl,dh
1,33.33,-0.5353778199770355,0.2025254966627854,3.0833104494805226,-0.5379360000000001,2.82332,0,0.009836469083610133,0.009836470000000208,0.00983647,-4.5191210729100817e-07,2.445272113682506e-07,-2.810324009505649e-06,0.0,0.2599999969655454,0.0,0.0
2,66.66,-0.5323234515736357,0.20210936915393765,3.077445961921294,-0.5379352598426429,2.8233230340859987,0,0.016966168735428777,0.009836469082567856,0.0228149,-0.0001450013538439876,-4.199262145121452e-06,0.010939989163291752,-0.012978430917432338,0.26000464252517097,0.0,0.0
3,99.99,-0.5087791656097296,0.20257645896703833,3.0845553600855586,-0.5367765024027867,2.8164029132191284,0,0.13578318782532284,0.01828338066744184,0.255782,-0.0005177356257206611,4.127290285804719e-05,-0.017392015272685857,-0.23749861933255811,0.2599903390848932,0.0,0.0
4,133.32,-0.5146870238159481,0.20259887131721077,3.0845798020729136,-0.5507366144545836,2.8302248163266936,0,0.09274538332722315,0.17605007200111755,0.00962168,-0.004466344521881549,-0.00018104104474936378,0.009645727506200519,0.1664283920011176,0.259896054340481,0.0,0.0
5,166.65,-0.5226538845160873,0.20187805996749156,3.078205837192431,-0.539776744467762,2.8272078609253497,0,0.0437076048552254,0.10447614626038826,-0.0192763,-0.000912864240781186,8.715466537800864e-05,0.019701095429229376,0.12375244626038828,0.26001996066456257,0.0,0.0
6,199.98,-0.5268052288457972,0.20117178502927854,3.070006708404225,-0.5325854253514998,2.8171550601395863,0,0.01841542309794031,0.036593550343746006,-0.00224709,0.0007453379365949253,2.5074982555217673e-05,0.01593319920017855,0.038840640343746013,0.2600476072267124,0.0,0.0
7,233.31,-0.5271952635018944,0.20159141605203365,3.071343664888726,-0.5297345271311638,2.8069268457040044,0,0.01966370566300668,0.006241660696009621,0.0363475,0.0010388600638302492,-0.0003038184899404328,-0.011519777353859784,-0.030105839303990578,0.2599822018279872,0.0,0.0
8,266.64,-0.5287191742420052,0.20224650482826312,3.0775024389892933,-0.5311751370985628,2.8093607645211423,0,0.017516344938909967,0.01092588388292004,0.0264517,0.00029160791124027696,-0.00017054967092056117,-0.02140623098330785,-0.015525816117079927,0.2599485363575792,0.0,0.0
9,299.97,-0.5245724303178407,0.20244858668179405,3.083084592646436,-0.5326520329773211,2.8172307664802707,0,0.03570257675250765,0.010379648509387884,0.0732195,-0.0006845841171121414,0.0002253489131094355,-0.016061192900424626,-0.06283985149061211,0.25997044050150603,0.0,0.0
10,333.3,-0.520363026283288,0.2022241392313487,3.0792577912434496,-0.5338133544489354,2.824039363843297,0,0.02855251865153141,0.03438977793416198,0.0201775,-0.004785515013954189,-0.00011076026631595681,0.01613401703544115,0.014212277934162021,0.2599438985012205,0.0,0.0
11,366.63,-0.5058982931406675,0.20337367467420156,3.084933611687817,-0.5265562565801063,2.819380330036643,0,0.05476243239676659,0.025814704794781207,0.103433,-0.009038997665081538,-0.0008754011681695317,-0.013349556745233748,-0.07761829520521868,0.25997060279655193,0.0,0.0
12,399.96,-0.4978340460637644,0.20251140014587032,3.0755741385067488,-0.5183180980546339,2.826327966248239,0,0.011360601261195313,0.05833621269814415,-0.0644838,-0.014017848972973201,0.00016739092161976998,0.04132412759724691,0.12282001269814424,0.2596796231084259,0.0,0.0
13,433.29,-0.489144469190046,0.2042134442864276,3.098263726596328,-0.49505796283791986,2.8152455429443974,0,-0.025583125232192305,0.0040523149501749955,-0.0732969,-0.016495267606411623,-0.00022208692154990217,-0.07002128619526271,0.07734921495017488,0.25984444435097204,0.0,0.0
14,466.62,-0.4231240773818404,0.20429055074264474,3.103766175057623,-0.47401750950828264,2.8415600604549485,0,0.1962964613013134,-0.0398270921308681,0.609048,-0.018615911774999994,0.00017031339381201605,0.003435110208700909,-0.6488750921308681,0.26074437145380525,0.0,0.0
15,499.95,-0.3553491847852224,0.20560296932828456,3.1213539899816487,-0.4706878386345512,2.853426838986165,0,0.4238615302158357,0.23478747443695624,0.755452,-0.02757708901344147,0.0001827152189548542,-0.06052773415968815,-0.5206645255630438,0.2577214200334205,0.0,0.0
16,533.28,-0.2872327096177689,0.20746533677072418,3.1378223978376245,-0.4593091461041452,2.9016516911882584,0,0.6579803536110767,0.5044780332011229,0.924645,-0.031280754687144086,-0.00013283389717644312,-0.06917555784168528,-0.420166966798877,0.2522365515388663,0.0,0.0
18,599.94,-0.36080645667918787,0.2161380453125999,3.057873361590978,-0.07356266863176544,2.9590182617546668,3,1.118627410048707,-0.6832662434085872,-0.237395,0.19179762137600642,-0.01413795029242193,0.0424242090295186,-0.44587124340858697,0.2,-0.1389594837607338,0.017326772373843335
19,633.27,-0.4352202694265586,0.21889452444929663,3.0076484633681297,-0.3360858685688622,3.0017022880116238,3,1.3483131978870704,-0.28509056976863256,-0.120043,0.08853429300134463,-0.007646196269222472,0.21718497767140033,-0.16504756976863266,0.2,-0.0830447424791726,0.018840776816182504
20,666.6,-0.4660917709649411,0.22168933857276996,2.9866670258665513,-0.43507578091646526,2.886245564406371,3,1.5584418997811937,-0.04036322003458537,0.0310595,0.03138735618254085,-0.004249592749185016,0.10601730092911055,-0.07142272003458539,0.20142935127543943,-0.05881069308224603,0.01937681055497579
21,699.93,-0.4585440765255062,0.2256077012005401,2.974575389140723,-0.4994520163855314,2.8387626341176633,3,1.7946416980180029,0.1763218718088133,0.304878,-0.01266962906933422,-0.0026403081948251916,0.0012825549069312991,-0.12855612819118667,0.20029274547266568,-0.06493121929636143,0.019850046836032958
23,766.59,-0.4028714683996261,0.22894714158903667,2.9154598959514657,-0.5497016204374024,2.848816147131756,3,2.2911033620282044,0.6216079497047389,0.834759,-0.06461324462132367,0.0003271122573389462,0.030655686435361762,-0.21315105029526116,0.2,-0.10077347627938815,0.020076855588609603
26,866.58,-0.47610498969484966,0.21041345734230288,2.927921438982689,-0.35484576740989754,2.686944675444306,2,3.029820063485797,-0.19381931762495697,-0.0757374,0.06545089472430332,0.01718352797778344,-0.125631971405181,-0.11808191762495701,0.2,-0.08633310320701225,0.030500846301031916
27,899.91,-0.4842417090184449,0.20690178360873615,2.9677996516916814,-0.5085939589168866,2.724850614627198,2,-3.025730091357149,0.12283061293425845,0.105314,-0.006980901499965331,0.00554381422226724,-0.11068102476008912,0.017516612934258546,0.2,-0.07275761609604693,0.03159632533382954
28,933.24,-0.48757281604663333,0.20760722413309174,3.02401171176499,-0.5606153135846567,2.7803828944880715,2,-2.952790276565535,0.3492154223067345,-0.0490842,-0.040350694375142826,0.0023497930113589582,-0.1433838555814395,0.39829962230673477,0.2,-0.058633483762939295,0.031208329108621723
29,966.57,-0.42698050182354497,0.2052631117721993,3.0212941501385764,-0.5702961013393989,2.846468597248392,2,-2.6159140489677446,0.39006796934749177,0.756544,-0.05706514199239132,0.0012051089440423546,0.035611450563585834,-0.3664760306525081,0.2,-0.05508056246532985,0.03147844517576618
30,999.9,-0.3674640866116366,0.20529155081920478,3.0428107041045926,-0.561501756338272,2.8822259980633156,2,-2.3028337508055046,0.7545586177266692,0.979715,-0.06623734854786933,0.0005287498130748247,-0.06138732752419562,-0.2251563822733309,0.2,-0.04931891664693077,0.031351794181669404
31,1033.23,-0.45597597247194654,0.20786468968674604,3.007255346175226,-0.2864200591217329,2.91923591302194,1,-1.9817897418141048,-0.48551305991691684,-0.299028,0.12784329245623693,-0.004765808667527072,-0.00798070606803769,-0.186485059916917,0.2,-0.07115044502924364,0.0341258250201015
32,1066.56,-0.4981960642583376,0.20902778939272393,2.9883776742458945,-0.4412563983941535,2.888694233306233,1,-1.6876183655677148,-0.14557776964352342,-0.0744643,0.05282683076660488,-0.004075153686909694,0.0808529379295817,-0.07111346964352361,0.2,-0.05853148787415715,0.03480677472857612
33,1099.89,-0.49516250930208733,0.21002932600336535,2.971689834930765,-0.5301127080405357,2.8535482945342743,1,-1.3460116057818818,0.15587265339610834,0.346124,-0.003131245171675179,-0.0038135454161212223,0.09305377434938267,-0.19025134660389176,0.2,-0.05347488967226254,0.03514732307303557
34,1133.22,-0.48868856173655806,0.21082464582772004,2.9489314054867837,-0.5752373902855518,2.8455001236012714,1,-1.3190098783988302,0.5131573769212014,-0.186474,-0.0427566076772572,-0.003635488363993744,0.1037783749817458,0.6996313769212015,0.2,-0.06033093373073763,0.03536524592069165
35,1166.55,-0.43502208371051887,0.21052390848373498,2.919147933776346,-0.558147318671982,2.823870082929861,1,-0.9843089727255534,0.4795708530227829,0.779771,-0.06051912919724112,-0.0015882248520666664,0.09219027741428665,-0.3002001469772173,0.2,-0.06967129509369052,0.035351609537073725
37,1233.21,-0.5176375823237899,0.20783795116445694,2.943632010189167,-0.3341759685935184,2.7333749435456545,0,-0.3629304520908825,-0.4814779145153314,-0.247056,0.09592508084968543,0.007077538108194226,-0.17504218365154456,-0.23442191451533123,0.2,-0.05885934125929676,0.036528303631362814
38,1266.54,-0.5397115483325343,0.20479998455051052,2.9507654946320443,-0.5101093380154542,2.747371243031398,0,-0.08251096965804994,-0.08506402908061306,-0.082742,0.013034752517731896,0.003442058481304411,-0.02171164157411143,-0.002322029080612964,0.2,-0.05877620551675173,0.037241467714299446
39,1299.87,-0.5184320023372947,0.20483636290427812,2.974300732834315,-0.5900434724828165,2.7582683990638373,0,0.22721634360926002,0.19605881513167933,0.280477,-0.037189809892473225,0.0007587947236915582,-0.05225665858709183,-0.08441818486832053,0.2,-0.052485798983771585,0.03712406398951197
40,1333.2,-0.46769722577093004,0.20384639272410754,2.969928845678957,-0.6228729911812634,2.8065767377571156,0,0.5246582775300066,0.5119683086881524,0.55655,-0.06719865547040138,-0.0004866829143197471,0.049602422692689885,-0.04458169131184775,0.2,-0.047361952312662575,0.03713274724809527
41,1366.53,-0.4037031560147043,0.20379359876242728,2.971277813917984,-0.6102976104165524,2.838380580854736,0,0.8194670708636385,0.8111825433696218,0.836706,-0.08028557812902326,-0.0011183919751953653,0.02453372182527991,-0.02552345663037814,0.2,-0.04168850227030109,0.03705414162487911
43,1433.19,-0.46413657825404087,0.20611970184748682,2.976692137420443,-0.35152563830176436,2.8295341705268098,3,1.4280873534817298,-0.17694406732959322,-0.120647,0.08498284277486601,-0.002426490215206023,-0.041482470040165254,-0.056297067329593276,0.2,-0.04562180665552637,0.038273706576091006
44,1466.52,-0.4634184096645092,0.20677506286564334,2.9612719575851076,-0.48814090844775426,2.831512069443651,3,1.8009839974642992,0.15314678844224794,0.336704,0.011915221083388605,-0.00277261423127495,0.07281433959122507,-0.18355721155775218,0.2,-0.03989450145304677,0.03842803694018847
45,1499.85,-0.4551634962163484,0.2086101856345213,2.9612557276566087,-0.5466229789492782,2.8281361147591735,3,1.8977814150556007,0.5422551489961265,-0.00451439,-0.03497503370637922,-0.0033533262435709865,0.040632457844539616,0.5467695389961262,0.2,-0.04443495338268731,0.038805716828486506
46,1533.18,-0.3990154843771295,0.20742543448865158,2.9295454834250165,-0.5405321879423863,2.8359967647267443,3,2.2113526521411115,0.5925351289186622,0.730898,-0.05699898478834742,-0.0014206088284849372,0.1240218023778965,-0.1383628710813376,0.2,-0.050532651024361115,0.03867329527344792
48,1599.84,-0.4847940255724271,0.20663081715169454,2.965490334535935,-0.30521197295385744,2.743040867072145,2,2.8228423642524767,-0.37998682770660075,-0.268871,0.10125905732411145,0.005771313627858099,-0.1907526113210687,-0.11111582770660089,0.2,-0.04496572265615916,0.03912468190365291
49,1633.17,-0.5073492608540608,0.20499653130446846,2.980206153735839,-0.4843277479902872,2.772827585008336,2,3.120582115868322,-0.029120616644117803,-0.0147625,0.018054261664786964,0.002577158491527065,-0.03583458153854702,-0.014358116644118013,0.2,-0.04487732373234832,0.03945269817372018
50,1666.5,-0.49565357799190113,0.20433509922171705,2.9895823475397036,-0.5687187991235436,2.795886951034085,2,-2.9362473528930684,0.2705940516081551,0.109026,-0.03288279892314305,0.00026282417367751165,0.01193434713688335,0.16156805160815502,0.2,-0.042771399182269826,0.03949034313290677
51,1699.83,-0.44435848826273106,0.20362109338570733,2.9875003693609132,-0.593152098715719,2.8212017474076876,2,-2.6287223355337854,0.4825501957075309,0.574768,-0.062121732536204455,-0.0007178019958220538,0.0536662475046068,-0.09221780429246884,0.2,-0.039088864754768596,0.03948716186096885
52,1733.16,-0.38417783940872197,0.2046892816335981,3.0085387643402255,-0.583382750744419,2.8554990351771976,2,-2.3372190853776322,0.7957166006931682,0.818279,-0.07578818036011459,-0.0009213851617855262,-0.03263501839185112,-0.022562399306831793,0.2,-0.034613172923101655,0.03937911004469028
54,1799.82,-0.4462674618323973,0.20635091114619228,3.0021944701830465,-0.3260238838839736,2.868213702997016,1,-1.7272933181204482,-0.19901265975444238,-0.130015,0.09095186509274944,-0.0026934720039037963,0.02271338751481755,-0.06899765975444261,0.2,-0.032752707698169146,0.039948806595641435
55,1833.15,-0.4606258035084841,0.20718766000505506,2.9854405017136925,-0.46951448654524675,2.8447423874882625,1,-1.473757811505104,0.13758702648332832,0.0394781,0.015056212451669992,-0.003203931867144405,0.08535563267346502,0.09810892648332814,0.2,-0.026495525652113612,0.04008919732831592
57,1899.81,-0.3890475746223708,0.2088173162335028,2.9690478309688535,-0.5728644344078438,2.8580529334071625,1,-0.8843913972070796,0.6682385504527986,0.716444,-0.07037035785873025,-0.0032422816895554263,0.07705202193010097,-0.04820544954720152,0.2,-0.03744715838154571,0.04029835502975099
59,1966.47,-0.482641913727419,0.20518740318812487,2.967275170590816,-0.31053694966274614,2.7828361707635914,0,-0.27260765725355274,-0.30809549272559433,-0.264104,0.09719666217747625,0.004810609349358508,-0.046833721100306036,-0.04399149272559422,0.2,-0.03979812428946465,0.04111066701937951
60,1999.8,-0.5015467132061459,0.20348402739668045,2.968158634217317,-0.49370179267338743,2.7702416251136843,0,-0.0006470907979370111,0.02380396674525942,-0.0346048,0.0094414662279525,0.0015117193560629794,0.0005128177714759374,0.0584087667452593,0.2000077404784265,-0.04052696064793869,0.04131793615200923
61,2033.13,-0.47284150215738796,0.20351663556078692,2.9755543363178933,-0.5669351872307251,2.779219980987468,0,0.30283548004793426,0.29107613205491045,0.32704,-0.03998386454756897,-0.0003874277502000645,0.0005711799197065659,-0.03596386794508977,0.2,-0.03813939692675053,0.04126461695057569
63,2099.79,-0.38175571871082253,0.2045615961317993,2.9893335114262745,-0.6336895918084651,2.8568018664542025,0,0.8881072654722901,0.8899179090169778,0.88712,-0.10000055124019269,-0.0018488253415736011,0.013379232685974518,0.002797909016977851,0.2,-0.03290069920461254,0.04115369941318618
65,2166.45,-0.43482423897086747,0.20684723392309326,2.9907685538960473,-0.34197392922137126,2.835306365450587,3,1.5374215254801156,-0.09988841627431455,0.0127633,0.07202212479584524,-0.0018368435728546295,-0.015913393144808996,-0.11265171627431458,0.2,-0.0327833166996491,0.04167662776216967
66,2199.78,-0.42873562675805266,0.2073451083500957,2.9755677736828647,-0.47898524916904434,2.8351340367282605,3,1.8259208303469343,0.27227428343652527,0.235277,-0.003331822155772546,-0.0022489164575807408,0.0697768978156339,0.03699728343652531,0.2,-0.03026905366962792,0.04172165716297111
67,2233.11,-0.3923286243671279,0.20800780050445486,2.966777456038481,-0.5169215302669897,2.834063237493756,3,2.0857807855479287,0.5571647401723325,0.456743,-0.04334267933971203,-0.0018451934238639112,0.04922568671087468,0.10042174017233263,0.2,-0.03498455052900479,0.04180474009293778
68,2266.44,-0.3378846835371413,0.2086123073640042,2.962995958880327,-0.5047640670873849,2.854193224191458,3,2.371336137217275,0.8075808864013112,0.7913,-0.061598126554590404,-0.0009316440242250756,0.021742918559545465,0.01628088640131109,0.2,-0.042530720901111624,0.04187401029882866
71,2366.43,-0.3714652296713573,0.20651051131719023,2.9742960156633815,-0.31568664431967597,2.7689685685471,2,-3.047788544855959,0.10042842349645476,0.0716367,0.05763839517032787,0.0036986781838117544,-0.04832926800281134,0.028791723496454757,0.2,-0.046618917088467465,0.04251816695833225
72,2399.76,-0.36178405574697314,0.20699382052120469,3.001043018020019,-0.4426380046615921,2.792034436374558,2,-2.7642851175912244,0.38360279889626137,0.368672,-0.009799491581624853,0.0011007643278597712,-0.06246378434805999,0.014930798896261255,0.2,-0.04358725682298763,0.042458276748876034
73,2433.09,-0.3134184710536704,0.20454119179091956,2.982529039338584,-0.48082810410891336,2.8500378091041227,2,-2.445932544500614,0.6659099263234474,0.748291,-0.04089251891348722,0.0005544381499840156,0.0872293159745241,-0.08238107367655267,0.2,-0.042261710563546946,0.04266007731517667
75,2499.75,-0.41889601151201084,0.20536450233630132,2.973389476197507,-0.24717941195193868,2.8377512522621986,1,-1.829446623385863,-0.2874204047123934,-0.244989,0.11989731728051378,-0.00036665158639159756,-0.0355859788284949,-0.04243140471239348,0.2,-0.04937175303242604,0.04294957287546306
76,2533.08,-0.4547581334404375,0.20442193348583987,2.9473952372977394,-0.43200118993405456,2.826178518641036,1,-1.5731895610533404,0.04310725741175503,-0.0685254,0.030064091255670444,-0.001527288707773522,0.08714191663288329,0.11163265741175499,0.2,-0.04380697209429322,0.04281458522189671
77,2566.41,-0.44485247626539226,0.20581714558550093,2.9471698956882433,-0.5102262076142132,2.796777152249025,1,-1.298641428133419,0.2902337614609243,0.247402,-0.026083188839810756,-0.0020871067044003766,0.004080935211195236,0.042831761460924156,0.2,-0.04630548983337656,0.043013148621779386
78,2599.74,-0.40601265361894356,0.2070109513937169,2.9458446792636526,-0.5341578272193941,2.8163750314753093,1,-1.0089146153268445,0.5605489917707307,0.568444,-0.05855819091630243,-0.0015966986614421863,0.00442628713917026,-0.007895008229269251,0.2,-0.05335621656048267,0.04314275983659221
80,2666.4,-0.49896763148684103,0.2055493994139792,2.9685169404161433,-0.32278107513723175,2.764713194205297,0,-0.3793204506789922,-0.4331435886110331,-0.338486,0.09244587066742493,0.004749743113979132,-0.12339584864167596,-0.09465758861103302,0.2,-0.04950171403429137,0.04359686882485612
81,2699.73,-0.5221948771325112,0.20228519310650886,2.949460740597014,-0.4971375246868815,2.773761022143771,0,-0.11025154454439035,-0.0786173883672534,-0.155767,0.009638276317520678,0.0015878482975990593,0.06903316739069654,0.07714961163274658,0.2008044256448236,-0.053110050907460224,0.04406651639885549
82,2733.06,-0.511137685677015,0.20175586682982274,2.9505309599705356,-0.5740858876623217,2.7534522175569074,0,0.10008574926212255,0.18387402439469236,-0.022052,-0.0427160201086485,-0.00039465480329292646,0.01973403206479052,0.20592602439469232,0.2,-0.05165757718131324,0.04405211809101114
83,2766.39,-0.44830430273025484,0.2007213187571061,2.9357826305163615,-0.5953757955002039,2.766191254015447,0,0.4523897864836619,0.3756789261423532,0.595816,-0.07336390776836765,-0.001191736835917112,0.0782479133284033,-0.22013707385764691,0.2,-0.04936009463416143,0.044061304554779246
84,2799.72,-0.3789566939672164,0.20193759496898878,2.9497072889314118,-0.5834313504701216,2.788719115442703,0,0.7703019008310621,0.7435990767418721,0.815801,-0.0886386180455272,-0.0013439043312581944,-0.03440118701885453,-0.07220192325812791,0.2,-0.045773531644899224,0.04397044995145794
85,2833.05,-0.4571853222605553,0.20338327598037562,2.9613167168126227,-0.2932881664392749,2.818119002289146,3,1.1064576575513918,-0.5046239520160558,-0.400068,0.11403000005348662,0.0014033217831408429,-0.12840408975846174,-0.10455595201605572,0.2,-0.06301508633111497,0.04451770473726008
86,2866.38,-0.488492489123189,0.2036305419313026,2.9583514199806826,-0.4382640398577607,2.8333370150871136,3,1.4371273983278128,-0.15740116766950152,-0.0983698,0.04018701116571277,-0.000902889069986923,0.018849040496915048,-0.05903136766950157,0.2,-0.060445474013673964,0.04456536111027308
87,2899.71,-0.48369946966773303,0.2038456693103902,2.9468187156621237,-0.5205738746425391,2.8268687548116596,3,1.7097540215892106,0.17923223458605086,0.073644,-0.01575882061930134,-0.0024399448444381022,0.0749902498889532,0.10558823458605104,0.2,-0.05940404690148386,0.04462334245024357
88,2933.04,-0.4622664437636356,0.20498258795121227,2.9461983027930043,-0.5490496237314016,2.82300757123577,3,1.8356764883972936,0.4423639602519671,-0.0345318,-0.053221896191864015,-0.0024259029178210767,0.03199506126841101,0.476895760251967,0.2,-0.0650923764174998,0.04480283704286781
89,2966.37,-0.4025238002648501,0.2055684642851645,2.942692883759508,-0.530458966288832,2.8330055922987825,3,2.1668530720401087,0.5271000764971987,0.721546,-0.07103515526429849,-0.001110876417744766,0.022366303572348478,-0.19444592350280132,0.2,-0.07254727576882881,0.04487988478042705
91,3033.03,-0.46328008501939894,0.20430469836212342,2.9631165596245572,-0.3025372172059237,2.7670507499820114,2,2.8215780632056173,-0.42052818395906755,-0.228619,0.08620395483018761,0.0038911294701908794,-0.0898505599322732,-0.19190918395906742,0.2,-0.0706622817387597,0.04530098328193792
92,3066.36,-0.47425550845117126,0.2024421771685164,2.9623133671454447,-0.46218469312257937,2.769855507949248,2,3.1038540657335663,-0.020492526464352068,-0.0634367,0.007427901050204078,0.0014747880432830485,0.019877007780403133,0.042944173535647945,0.20028385970558718,-0.07196223948380806,0.04557501848702145
93,3099.69,-0.43959904398785754,0.20256776526038386,2.9713916802405986,-0.529576759618308,2.774324232709909,2,-2.8436845253950436,0.2582370291905356,0.368043,-0.0395499300913027,-0.0004583872273662415,0.0039364226439202454,-0.10980597080946453,0.2,-0.06966175556732085,0.045521049786316214
94,3133.02,-0.3801409638442812,0.20204672311338095,2.966935264964814,-0.5511965745961919,2.812872372393458,2,-2.5199920620104432,0.6018080613383874,0.664644,-0.0665281863660816,-0.0008405146825598564,0.053505554770913566,-0.06283593866161263,0.2,-0.06688591305910045,0.04551222669820515
96,3199.68,-0.4565525195883443,0.20251744085932227,2.9629136464339436,-0.3154093239796222,2.852387143223209,1,-1.8907853463048265,-0.3347697635826954,-0.314503,0.09872409179935104,-0.0005333021229474433,-0.01422618352109195,-0.02026676358269519,0.2,-0.07176061617096571,0.045713388657281376
97,3233.01,-0.48259516379703077,0.20232569468525843,2.9444624951175937,-0.4595356720267287,2.8393047125294157,1,-1.612294224840312,-0.008014176476249801,-0.0903724,0.02421542720142833,-0.001873353222961338,0.06969722831939995,0.08235822352375033,0.2,-0.06764122646100261,0.045697680810929474
98,3266.34,-0.4605120231045359,0.2025992800663512,2.9255689059271854,-0.5243293532508372,2.817847750375311,1,-1.2782285031388287,0.2637259536979206,0.342815,-0.026470419926459154,-0.002689384403020245,0.07746896509359313,-0.07908904630207925,0.2,-0.06830699505775628,0.045762565780151816
101,3366.33,-0.560587237286583,0.20332643401773826,2.978622857321055,-0.40156843867983083,2.732974692038678,0,-0.3646155411323071,-0.3453852082491409,-0.392815,0.06505837579634921,0.003724430199057327,-0.17616337425250883,0.04742979175085926,0.2,-0.06074505906926095,0.04571062424758483
102,3399.66,-0.5700389769949535,0.2027503920110345,2.9860160627320766,-0.5649472802495298,2.7853528863703265,0,-0.08569251854290627,-0.05633725661241673,-0.118482,-0.010017211063371168,0.0005842349095854793,0.001107006992034698,0.06214474338758347,0.2,-0.060574781080135996,0.04576788624077242
103,3432.99,-0.5437174253773387,0.20229764158909883,2.9769451026498612,-0.6277499236165837,2.7972793541969967,0,0.1251327210074531,0.21683394081801577,0.00176351,-0.054443042980963696,-0.0013757818136710398,0.07657088657496924,0.2150704308180158,0.2,-0.06052073267724654,0.04578116721002579
104,3466.32,-0.4750034719894569,0.20179435127925952,2.961011024077916,-0.6316770133810345,2.7984020150983957,0,0.4408081357604412,0.408353976023331,0.50975,-0.07989502501595691,-0.0019178140535314192,0.10145821709568192,-0.10139602397666891,0.2,-0.05954951330732191,0.045781321419057004
105,3499.65,-0.3930682011779125,0.2012156990841327,2.9420970669691187,-0.6057022993637013,2.8149403456586084,0,0.7481051912826389,0.7295451882466195,0.790933,-0.09140657678088893,-0.0018308999605003429,0.10063267143915011,-0.06138781175338037,0.2,-0.057612299161615935,0.045769104843409146
107,3566.31,-0.44361854847388393,0.20228919537389567,2.945662330654367,-0.33027050267683405,2.8063912343739394,3,1.3813293703581646,-0.24025686223988707,-0.143886,0.08139970928686502,0.00012872184205514614,-0.056319010933394864,-0.09637086223988689,0.2,-0.062154110664617214,0.046087955500118336
108,3599.64,-0.45288718648664467,0.20109707119692127,2.9205353095654156,-0.45680294110064024,2.811192810893599,3,1.618891778895028,0.11405492531805628,-0.0433159,0.01091360268544328,-0.0013277420017354657,0.09622798563620849,0.15737082531805635,0.2,-0.05673037503929401,0.045866584499253606
109,3632.97,-0.4357328890304297,0.20070372507950507,2.904906033364369,-0.4994277592627144,2.7836670005051642,3,1.7440226724757295,0.33768063755631594,-0.075928,-0.03354889775802361,-0.0017952441848216871,0.07161439411336978,0.41360863755631616,0.2,-0.057883150919157876,0.045861342176925
110,3666.3,-0.38450280114090024,0.20302788670697783,2.925616937218922,-0.49072769787476506,2.7719281150993247,3,2.0606154856597545,0.4270013204897438,0.596317,-0.05704130338584923,-0.000726718353783351,-0.08392635948359706,-0.16931567951025617,0.2,-0.0637472028372437,0.04608850502469916
112,3732.96,-0.4586305070021738,0.20250543031553694,2.9433791885241836,-0.2584694587419294,2.755702865169169,2,2.727841310411078,-0.5470601924181544,-0.285861,0.1058442195537812,0.0033456661675317356,-0.10175466072877537,-0.26119919241815426,0.2,-0.061714246377250925,0.0463626017782254
113,3766.29,-0.47567230640935537,0.20106055684087992,2.945533774598041,-0.4387190722798993,2.7492710283336663,2,3.0554087687160294,-0.11731887243811023,-0.0477516,0.019106685568355264,0.0015350480414570988,0.00013510181984210945,-0.06956727243811045,0.20003231497618554,-0.06259166051881378,0.04658326418204032
114,3799.62,-0.45404652723869504,0.2020894152571816,2.965802732550158,-0.5243543949164422,2.754406084987017,2,-2.9255245171884052,0.2169960509722788,0.218978,-0.03479436796216406,-0.0003238943372148029,-0.040338791996217704,-0.001981949027721086,0.2,-0.0596281420848978,0.046452840884051376
115,3832.95,-0.39377932042127306,0.20096836193688464,2.950090008541731,-0.5546269727281791,2.7987567877515502,2,-2.580452262543912,0.5185829295523763,0.647002,-0.06466041234198183,-0.0009171632676281405,0.09496131567726529,-0.1284190704476238,0.2,-0.05781541157081439,0.046496600760892015
116,3866.28,-0.3317688686946176,0.20298637948813528,2.98068866838585,-0.5389609366832245,2.8256195481532087,2,-2.2755212201156803,0.8719529623397397,0.848855,-0.07630183939600821,-0.0009376213087697316,-0.072466966954575,0.02309796233973982,0.2,-0.05446323850798733,0.04638454536319906
117,3899.61,-0.4140827822426355,0.20503107651299085,2.993581769363222,-0.25909309173823497,2.8552514788073937,1,-1.9396450242449117,-0.39629512638883124,-0.331616,0.12269618978337027,0.0005517911005590292,-0.10490741395441461,-0.06467912638883133,0.2,-0.06824588937823975,0.046926656585590254
118,3932.94,-0.43315198331597893,0.20524744579558815,2.980797405439289,-0.4059287646700136,2.873749073575652,1,-1.451645747478072,-0.05222658577372474,0.40854,0.0488793041148039,-0.0016099519870809154,0.06807419296280948,-0.46076658577372465,0.2,-0.06350782168324266,0.046846852729337314
119,3966.27,-0.43763708346617397,0.2047142143810012,2.9595487175161486,-0.49820646383543377,2.8676422068070417,1,-1.2661308418282138,0.47543254084357267,0.0167801,-0.008985857156880606,-0.0025109055720728968,0.1322729562815499,0.4586524408435726,0.2,-0.06131220538381855,0.04673627465528218
120,3999.6,-0.4090718566744279,0.20556444343783667,2.949421323341609,-0.5207759413768039,2.8504420456949107,1,-1.0197134448170315,0.6216338271410233,0.436184,-0.044646028109264435,-0.0027053229101419163,0.0665098912642006,0.18544982714102343,0.2,-0.06599126386916693,0.04683870086801848
121,4032.93,-0.361453105045083,0.2061329559006379,2.9437639025038087,-0.5070622321043763,2.863190192628732,1,-0.7529774476602116,0.8513472423926158,0.763555,-0.06271957243308357,-0.001440735705198204,0.040462048313902876,0.08779224239261563,0.2,-0.07303391676738011,0.046898400345540076
122,4066.26,-0.45575852981497883,0.2057144093975394,2.9633415325236974,-0.26230598641943825,2.7664041189541706,0,-0.4473038128587543,-0.4610520546612338,-0.449639,0.11986124208241566,0.004742835037950144,-0.15817061997991955,-0.011413054661233879,0.2,-0.07399710998578517,0.04719377652783669
123,4099.59,-0.49524439421937577,0.2049845873121702,2.97102889157635,-0.4315651766070753,2.7724801373878205,0,-0.15378028649532993,-0.15086738464754834,-0.170814,0.0397269254087842,0.0019330190679909265,-0.03153940930867005,0.01994661535245168,0.2,-0.07603457186800684,0.04739376431916101
124,4132.92,-0.49616621514888837,0.20370431695126687,2.961015603078381,-0.5347571012062619,2.7804174932496966,0,0.0733429856064749,0.14243434007446476,-0.0392448,-0.019349593498346973,-0.00015653769341161805,0.07758634998499714,0.18167914007446484,0.20009611939908992,-0.0770069184625671,0.04755445161532117
125,4166.25,-0.4601166718705066,0.20441842012418895,2.9721293226185357,-0.5747178167932201,2.778057515738926,0,0.35636535565228344,0.3535334962603054,0.3719,-0.05801578685951769,-0.0010277321849874177,0.004142715078729875,-0.01836650373969473,0.2,-0.07344604520181529,0.04746149050400074
126,4199.58,-0.3967453989040407,0.20493597347007642,2.973393131576738,-0.5809840356074474,2.817226347723693,0,0.6612968786258726,0.6364255471440297,0.715529,-0.07995743031996039,-0.0016206766540003414,0.044267843507319604,-0.07910345285597042,0.2,-0.06961463740570033,0.04740474155023452
129,4299.57,-0.42157671946523356,0.2010710816998576,2.919931901072353,-0.36405150522171204,2.860832947390942,3,1.5085878400285377,-0.0558425301876575,-0.0766748,0.04920462164935113,-0.0009825314466311852,0.16821713404952066,0.020832269812342652,0.2,-0.059126328919484036,0.0467061884076957
130,4332.9,-0.4082053461373324,0.2018711983628085,2.9108520976879535,-0.4515143528322273,2.7783291815381985,3,1.762321769458075,0.22151419229718172,0.15819,-0.013855479783556834,-0.0020020533870224178,0.021849889149450963,0.06332419229718189,0.2,-0.059272584351484296,0.04687988880080295
131,4366.23,-0.36510331020284303,0.20407277413029917,2.9290160147666424,-0.4689907611616499,2.7804985550129953,3,2.070160602042508,0.4692441115227499,0.544679,-0.046133654355318576,-0.0008568600477198984,-0.06883151480304628,-0.07543488847725,0.2,-0.06427381571033614,0.04711540618307909
133,4432.89,-0.4572901184729318,0.20443700618184862,2.9565835272200904,-0.25105666020773887,2.7513181119307206,2,2.7390891943310613,-0.504775341724514,-0.31125,0.11083341126763857,0.0031445105233780524,-0.13376494050294774,-0.19352534172451374,0.2,-0.06154784334221515,0.047183117585341564
134,4466.22,-0.47840055224771544,0.20489258462269297,2.9759729238906933,-0.4449406410447434,2.7615127525737093,2,3.0987787648746403,-0.09671665482468228,0.0263357,0.020014871242345134,0.0009562217501208892,-0.05464604556097363,-0.12305235482468246,0.2,-0.060396450351216824,0.04716030134728593
135,4499.55,-0.4684186999810142,0.20386061819655965,2.96949484055663,-0.541753540191384,2.7895113332765806,2,-2.9770706668594022,0.27438550726327193,0.00127326,-0.03613798286913372,-0.00011489316203672217,0.05793689555932868,0.2731122472632719,0.2,-0.06030146923703058,0.047237446007972604
136,4532.88,-0.41443627014193046,0.20345023858499706,2.9659123220324624,-0.5627185403225453,2.7947586444458725,2,-2.653212180094737,0.457783211343592,0.55186,-0.06629019713451534,-0.0007915006892615928,0.05165339483977638,-0.094076788656408,0.2,-0.058464998796669554,0.047234547388935066
137,4566.21,-0.3484737444016704,0.2041170558647036,2.976920620903697,-0.5530357223139609,2.8288310557423317,2,-2.3421301962365315,0.7872876890130751,0.822576,-0.08030866109528256,-0.0008606047628814117,-0.00266179907101316,-0.03528831098692464,0.2,-0.056082002936166185,0.04718756504407501
139,4632.87,-0.4057750504585826,0.20261837576664946,2.9467484459950777,-0.29833326725444237,2.846933496164571,1,-1.7305081436298753,-0.17052547666656448,-0.166391,0.08694597767719925,-0.0009237158430490666,0.09173608810789302,-0.004134476666564524,0.2,-0.05021200690980138,0.04683337638369416
140,4666.2,-0.4172083815388324,0.20217815260421157,2.9220368412434583,-0.4270752986070335,2.798791191282561,1,-1.46241914179393,0.144177971723237,0.0579724,0.013115306220788714,-0.0022277215699042507,0.0853273615880088,0.08620557172323684,0.2,-0.0456684769407515,0.04680118404953643
141,4699.53,-0.38893383947879945,0.2031650688643062,2.917034887889189,-0.479470107004988,2.776665840640333,1,-1.1578975854645432,0.4047480300358437,0.430046,-0.03370013055306709,-0.0018665715069663413,0.011376638244881665,-0.02529796996415623,0.2,-0.04893430012556437,0.04696554451624276
142,4732.86,-0.33991405481578574,0.20420836709636364,2.914529112562737,-0.4844303947554273,2.799079012232019,1,-0.8505941997569977,0.7105627335757534,0.738469,-0.05832625062930186,-0.0013866442384546929,-0.0005130840392566505,-0.027906266424246873,0.2,-0.055725464580654104,0.0470836373668141
143,4766.19,-0.44202899137679974,0.2042598692991258,2.9388867295825762,-0.22493287322435723,2.74157985552526,0,-0.5188117635219962,-0.5515298727498559,-0.48093,0.13327636879376126,0.004571261207119814,-0.17976905374235486,-0.07059987274985602,0.2,-0.0538335845753815,0.04725962207831804
144,4799.52,-0.4877081823974233,0.20474102454387455,2.96416924452372,-0.4069904526017088,2.7468059119655672,0,-0.18451333212810495,-0.2105995139392438,-0.151677,0.04792760848687383,0.0022290566760725383,-0.10829683088119868,-0.05892251393924397,0.2,-0.05260057087669271,0.04725407158012331
145,4832.85,-0.49210089815512975,0.20334004219336768,2.9527593590509316,-0.5265923875145793,2.7728644915848855,0,0.071069962175212,0.1303077640172159,-0.0249632,-0.016047277471313404,-3.8879003874114915e-06,0.07612993678046864,0.15527096401721607,0.2,-0.05397718989679297,0.04741986735135926
146,4866.18,-0.4669936115513065,0.20482748060880834,2.9708148169356745,-0.5761468234477988,2.7708086235691924,0,0.31552246047240873,0.3721354732755291,0.225302,-0.05829615655960296,-0.0013979778705865975,-0.02210539016334412,0.14683347327552898,0.2,-0.05071792471058657,0.047262731907941814
149,4966.17,-0.5367334059318887,0.20488280049298876,2.974401473483552,-0.4254372502705751,2.853271696311312,3,1.27132497038777,-0.3932867816063368,-0.238947,0.05527941307581541,-4.970985662478e-05,0.014177397733647457,-0.15433978160633677,0.2,-0.052920217369089306,0.047216714455643474
150,4999.5,-0.527767770708241,0.20323172327371286,2.939082730695017,-0.5511190198591317,2.8321119305982987,3,1.5642848681792083,0.006948281915342136,-0.0178585,-0.015342512229599592,-0.0020463447997327577,0.1327573062468188,0.024806781915342135,0.2,-0.04933707336007174,0.04704561915938411
151,5032.83,-0.48851542173723833,0.2036769231578096,2.925273705149005,-0.582050047132126,2.794238917397955,3,1.8092674842518859,0.2969837895548899,0.161003,-0.05699789984736148,-0.0024654456117700896,0.06060609328239375,0.1359807895548899,0.2,-0.05366274545426175,0.047127771299677525
152,5066.16,-0.42683123411334817,0.20489668892961416,2.9242056902158167,-0.5652833570459797,2.7969942743669645,3,2.096113117881348,0.5293827800159789,0.523681,-0.0778676873870463,-0.001806915707121881,0.008702190714182212,0.0057017800159790966,0.2,-0.06153367797287623,0.04722991157002515
154,5132.82,-0.4979821667404167,0.2062520905921477,2.9697851004009026,-0.3233483584346401,2.7439734975401553,2,2.754930231901218,-0.4673989173456903,-0.309655,0.08501548397198144,0.0033909733261756614,-0.17379175021558613,-0.15774391734569004,0.2,-0.05534207281673942,0.04714246392851548
155,5166.15,-0.5072886523547877,0.20595660377783176,2.98047776130128,-0.4879526257915646,2.7766771847984404,2,3.0872967260490807,-0.07934343591913873,-0.0211149,0.00642961756403615,0.000960478531878195,-0.015850883437172225,-0.05822853591913857,0.2,-0.05493196649200318,0.04722427083626901
156,5199.48,-0.4836926497629848,0.20563020613964247,2.976963280731532,-0.5647954721020539,2.793974192469082,2,-2.955122088253051,0.2583645721607235,0.0843497,-0.04312580573821112,-0.0007996097843623318,0.05631245634398763,0.1740148721607233,0.2,-0.05446588519202238,0.047253177379506045
157,5232.81,-0.4241966515091355,0.2051570855890603,2.9702678935090296,-0.5782623575302157,2.8055501036584793,2,-2.6530724851647007,0.4830758205999044,0.511395,-0.07047616212453134,-0.0010429901073707448,0.07236351523276197,-0.02831917940009543,0.2,-0.05283983348935958,0.04726678662486723
158,5266.14,-0.3483796735282677,0.20436540286061033,2.9616674791509903,-0.5579582485785723,2.833337951860424,2,-2.342945375068386,0.7851792780225271,0.830653,-0.08182716609836804,-0.0007061318912113812,0.07223480263219617,-0.04547372197747279,0.2,-0.05089594568659081,0.047273975102319135
159,5299.47,-0.4278302566483431,0.2043700853859765,2.953545769264487,-0.2621840508670321,2.83247427750954,1,-2.0186505951670326,-0.47381298106214054,-0.417163,0.1229943992922955,0.0010914452506898265,-0.03814547810897295,-0.056649981062140586,0.2,-0.06175042917941965,0.047293672122316985
160,5332.8,-0.4623597955921619,0.20372311566754894,2.9362515321842713,-0.40527398160295863,2.820431624499685,1,-1.712307252350879,-0.14173011829689042,-0.149441,0.0494587003407192,-0.0009677525116824626,0.060325700319328934,0.007710881703109518,0.2,-0.0571492158252201,0.04716167101446371
161,5366.13,-0.46080893954749835,0.20289933280899133,2.912207750948731,-0.4888062647326805,2.7958911196287612,1,-1.473451473628624,0.16526106915152106,-0.0158713,-0.008078928515643735,-0.002192049593499501,0.10520067613464024,0.1811323691515212,0.2,-0.054372193392863984,0.04707975009215134
162,5399.46,-0.4137214443543569,0.20066761392164809,2.8688668744286128,-0.5179960701929688,2.7740844739276254,1,-1.1286108136515596,0.3883657399960465,0.547747,-0.047090958583391185,-0.002060697225343855,0.16051928416219274,-0.15938126000395325,0.2,-0.0575616377901752,0.04692461690403383
163,5432.79,-0.3574568166631385,0.20108853866728577,2.8583533081332235,-0.5046229770958746,2.755197888142857,1,-0.8275779296908858,0.7447164500077443,0.743223,-0.06822837625036593,-0.0015630794408592052,0.007800770963341641,0.001493450007744368,0.2,-0.06641240639393642,0.04703862189269832
164,5466.12,-0.4482575495745901,0.20082143805855765,2.877772113693437,-0.24317716578134912,2.677269390880875,0,-0.5166147518573534,-0.5261801213095252,-0.521921,0.12466326442770947,0.004261095852362562,-0.17627809155275775,-0.004259121309525327,0.2,-0.06340907389203615,0.047159473622085744
165,5499.45,-0.4888633525688566,0.201413801916711,2.89878732860642,-0.40896820608346307,2.679980669712152,0,-0.20758608368191744,-0.21147496264671295,-0.212834,0.043870089294268055,0.0016799595716050497,-0.11400593342978782,0.0013590373532870181,0.2,-0.061650062847362394,0.0470477812558773
166,5532.78,-0.4881875770375001,0.201110410000295,2.903044735548426,-0.5174130984523451,2.7012483242129766,0,0.06797021336982167,0.09904586041006214,0.0179489,-0.01751458038060738,0.00011044539777627094,-0.002088466633892061,0.0810969604100622,0.2,-0.060752671500438435,0.04704356779574182
167,5566.11,-0.4531590980743447,0.20230834589198207,2.9161452854293866,-0.5671356021167839,2.7183256947825116,0,0.35344425730620754,0.36731213438241195,0.338389,-0.0591786864167978,-0.0014801942448654515,-0.014299446708742725,0.02892313438241212,0.2,-0.057539679318920005,0.046897858063922465
168,5599.44,-0.3905541142066461,0.20315511024235844,2.920142740334739,-0.5741811661262576,2.7607263455685915,0,0.6548254107613927,0.6488090341726758,0.674745,-0.08169557015774576,-0.001886610373801556,0.03049819660074604,-0.02593596582732438,0.2,-0.054351481164848225,0.046823228673826565
169,5632.77,-0.31724356763704264,0.2043900145426007,2.9348124609034314,-0.5431950385981538,2.8084918132824637,0,0.9512331228712423,0.9503429867757855,0.950935,-0.08661065750898489,-0.0012912163089175976,-0.007468719653338951,-0.0005920132242143161,0.2,-0.0516248554752507,0.04677148028146939
170,5666.1,-0.38654251895414227,0.20499686895998376,2.9371426456876946,-0.24940389926668857,2.801096523641233,3,1.2828730645127653,-0.32505085873466655,-0.24043,0.11449322500372938,0.0012383101074937564,-0.053194150542038354,-0.08462085873466663,0.2,-0.05948547816295803,0.04682680833452428
171,5699.43,-0.41115363167907526,0.20323467421905356,2.9120033622136305,-0.3827528320052081,2.8044353869762415,3,1.5611438424481356,0.01671770006550588,-0.0631798,0.04109682660622527,-0.0006647815717291117,0.12087248399917261,0.07989750006550578,0.2,-0.051510870125610446,0.04637477115297474
172,5732.76,-0.3981345396471594,0.20281639337515703,2.8954072181625876,-0.4523315189443923,2.7721812152567056,3,1.8322751970946785,0.289279473957869,0.217968,-0.013974739449735374,-0.001950759336611263,0.08370883845165933,0.07131147395786908,0.2,-0.0504253225221849,0.04633829199877456
173,5766.09,-0.3505979081366707,0.20139552727328236,2.8656621824091038,-0.47365390122191675,2.7677221439244386,3,2.1518829745492365,0.5537714825675728,0.639182,-0.04898798971574392,-0.0016286242063250356,0.11605476005813697,-0.08541051743242711,0.2,-0.05493898714297502,0.046254364703913954
174,5799.42,-0.29558700963178214,0.20215965837463992,2.8719084617509743,-0.45205942510961994,2.76869694095694,3,2.449189761940307,0.8788293108354264,0.875926,-0.06384982541939799,-0.00039851999416606887,-0.034595051631660656,0.002903310835426609,0.2,-0.062042093626489464,0.04636227324659198
175,5832.75,-0.3844992183847167,0.2007552765249031,2.8719321913251754,-0.20097213884846493,2.685261531023448,2,2.7578711948206163,-0.3954071321468504,-0.398581,0.12691160549308922,0.0035587922737678745,-0.08521830486114323,0.003173867853149659,0.2,-0.06712922563123808,0.04676618289300441
176,5866.08,-0.41972971156410227,0.200299522381643,2.8830690736627806,-0.36699606702220106,2.6727677094544173,2,3.0595185779620753,-0.08259689764597766,-0.0941714,0.04303092897156047,0.0018368531832781976,-0.0670076124455985,0.011574502354022354,0.2,-0.06804525662275336,0.04683860556862449
177,5899.41,-0.42099572952755726,0.20084335301282857,2.897183332160475,-0.468076398075068,2.689961202158434,2,-2.9876564153612843,0.2197428456217594,0.0410822,-0.0171875697157593,-0.00018009815476505153,-0.03584554268378204,0.17866064562175943,0.2,-0.06647054972038166,0.04672794054108608
179,5966.07,-0.3448690743239059,0.20247235915640177,2.9315080647101457,-0.5618604727466406,2.7556127666803842,2,-2.380177248998552,0.7272878218995857,0.803834,-0.0901236065432105,-0.0009779001145870936,-0.0441275448587688,-0.07654617810041442,0.2,-0.06078290542214561,0.04656896194334461
180,5999.4,-0.43847509235874854,0.2045600727446155,2.944148348530639,-0.26690143809048184,2.8187630083620636,1,-2.0305264190399854,-0.5167892742048328,-0.386143,0.11964903281673944,0.0002369575973291127,-0.08816019154753407,-0.13064627420483266,0.2,-0.07532380506598198,0.04699301450911552
181,6032.73,-0.4747196359280792,0.2040654673176132,2.9220638176209217,-0.4257027868229042,2.831550917266955,1,-1.7173736829097739,-0.15332301756361222,-0.141862,0.041008987434426825,-0.0018951191510598875,0.10167598438525216,-0.011461017563612064,0.2,-0.07056398005370622,0.04686949759462887
182,6066.06,-0.4568197739695261,0.20258285527436384,2.8837903164126413,-0.5065389960749989,2.8000458535006945,1,-1.3236245624740457,0.1616914976324546,0.395376,-0.01589225705298425,-0.0028181578903003768,0.17165149426500426,-0.23368450236754557,0.2,-0.06800164013510977,0.046706115964276
183,6099.39,-0.4242977008513617,0.20409709033340406,2.8772849914457685,-0.5353156821414076,2.772207981980916,1,-1.0614482085963868,0.5737386646027725,0.404259,-0.055314033957430286,-0.0029073793137119885,0.031115893955470764,0.1694796646027723,0.2,-0.07470161048430747,0.04686750349368454
184,6132.72,-0.37001886059239975,0.2040822009037271,2.8593540077360493,-0.5164399750527683,2.791067583698012,1,-0.7745706463532818,0.8208849845129542,0.758066,-0.07232680107894796,-0.0017836904533048425,0.07026177903329289,0.06281898451295431,0.2,-0.08367650702508374,0.04691770774281955
185,6166.05,-0.45889416402424726,0.2040707113939578,2.891369588879312,-0.27120906139345774,2.6787495098473673,0,-0.47093356890950844,-0.4694410921796397,-0.496774,0.11266417145869312,0.005086671717703162,-0.19116436048354402,0.02733290782036013,0.2,-0.08087228198688956,0.04710853896672652
186,6199.38,-0.49560178998585264,0.20517974696188934,2.9251746140650154,-0.43283019478698176,2.6981205210664547,0,-0.15151464213794696,-0.16475836665236088,-0.138378,0.034005079056917964,0.002242198094879466,-0.13182019284461433,-0.026380366652360987,0.2,-0.07825476643806618,0.047004965245200044
187,6232.71,-0.49240970873145723,0.20426610214878638,2.92060191586214,-0.5386265936983777,2.736251277206227,0,0.09655945207753458,0.15817560758829474,-0.00186956,-0.02526331432260731,-9.87207858207384e-05,0.0636605071110603,0.16004516758829457,0.2,-0.07859166868364055,0.0471290329818099
188,6266.04,-0.47380474736936207,0.20505315179168793,2.934574843431785,-0.5777332180984045,2.742450680119115,0,0.22248164791514036,0.39183032728652734,-0.0607439,-0.06321622149935191,-0.0012174549882946195,0.015676318684971324,0.4525742272865272,0.2,-0.07629717876252631,0.0470483208334797
189,6299.37,-0.4050526918759968,0.2052042969299365,2.9390291319291655,-0.5696548387667838,2.765134530654457,0,0.548352050477301,0.47825696872466716,0.685486,-0.08220595737681391,-0.00092921810283908,0.04237576966100365,-0.20722903127533288,0.2,-0.07344826536266981,0.04702506138286202
190,6332.7,-0.3294786077140937,0.20781539966411275,2.9735679966228936,-0.5434236088757216,2.8104183010880983,0,0.8690842282964955,0.8188754983852089,0.952825,-0.0889112547358013,-0.0011676602039019102,-0.0778442298752462,-0.1339495016147909,0.2,-0.07069272323361611,0.04694736779215164
191,6366.03,-0.39060043963444147,0.20613913600749903,2.940913950091841,-0.2580499107678251,2.868170977358491,3,1.212028917282204,-0.42089747888159224,-0.270788,0.11114038841928808,-5.13126240608841e-07,0.10945476606485816,-0.1501094788815922,0.2,-0.07012876456823496,0.046313836540287215
192,6399.36,-0.412447140678273,0.20446850229354824,2.9080193680900805,-0.37684487194558963,2.8181799663269826,3,1.5134984455061549,-0.062427511541502057,-0.056013,0.04088032490197069,-0.0016430298466190152,0.14431740122420633,-0.006414511541501966,0.2,-0.06172165991090317,0.04592254915425787
193,6432.69,-0.3975926620254588,0.20473606463069452,2.896328990717657,-0.44427517433495384,2.774323416782383,3,1.8172805830178707,0.24049689636047944,0.260289,-0.013999015347383459,-0.0020748519426518897,0.052747130349233284,-0.019792103639520775,0.2,-0.0615399279938065,0.0459966960489796
194,6466.02,-0.35173310513281975,0.20436945037388565,2.8766142662030005,-0.46613534524987305,2.776715887630978,3,2.144012516144418,0.5453909197823066,0.629214,-0.04873807863470514,-0.001736104106370373,0.07325942856882595,-0.08382308021769358,0.2,-0.0665714842946487,0.046009743215510386
196,6532.68,-0.43420425361078724,0.20679511144651894,2.936925989073708,-0.255835826443624,2.6844530762091665,2,2.8287663178421365,-0.38842919658101493,-0.247726,0.1040211960752031,0.0037248832761695994,-0.24178052448305998,-0.14070319658101482,0.2,-0.05842803478958799,0.04574591846280751
197,6566.01,-0.4571640030184537,0.2053627345682431,2.9345541770352197,-0.44175759670842013,2.7438470054652324,2,3.12351970728621,0.009295747685835742,-0.0603929,0.01674748040661589,0.0012639033484505013,0.02101292831870527,0.06968864768583583,0.20020559296984905,-0.05979665549398501,0.045940775163722296
198,6599.34,-0.43255993191180203,0.20450775296765883,2.9312215883660206,-0.5243066331803761,2.7488033481523453,2,-2.8445845087377406,0.2984935933160724,0.304166,-0.036900025033316464,-0.00019250601288556268,0.048476263037377176,-0.0056724066839275444,0.2,-0.05937324549451706,0.04599661922214008
199,6632.67,-0.37987263939917326,0.2035871708739312,2.919879574370069,-0.5507850361969012,2.772101490665024,2,-2.548494020093697,0.6127218438561535,0.572939,-0.06833630586758366,-0.001147964401419177,0.08698097231727164,0.039782843856153605,0.2,-0.058092454492635164,0.04601534645355409
200,6666.0,-0.313797833148945,0.20357215857910274,2.9229398702475815,-0.531386483631634,2.798850762852173,2,-2.2557048393355346,0.9034300212943691,0.858206,-0.079734675262646,-0.0010443242540887354,0.032758220566051044,0.04522402129436909,0.2,-0.05617556381622651,0.04598773801325575
201,6699.33,-0.39900420196000697,0.20462584807492823,2.925697133942373,-0.24528275688294718,2.7927910401004397,1,-1.9429821453508482,-0.37972502006345543,-0.373096,0.12334767488853737,0.0004034475299943274,-0.06691907780001394,-0.00662902006345556,0.2,-0.0656321273941746,0.04630178986221506
202,6732.66,-0.43569359310180866,0.20370503664297318,2.899968569995966,-0.39080024782304423,2.796413744928882,1,-1.6575162776260575,-0.06338968584402238,-0.135798,0.04764176061352199,-0.0018033836200594955,0.10420769143920605,0.07240831415597748,0.2,-0.05893561062687273,0.046114555286393515
203,6765.99,-0.4285738764944403,0.20359093636472367,2.8789390658053025,-0.4721289970736207,2.7622777638558107,1,-1.3409847642562136,0.21721321716032183,0.255361,-0.010460349248565759,-0.002643600816155889,0.08758730290563177,-0.038147782839678346,0.2,-0.05757792414349031,0.046133910711652334
204,6799.32,-0.3938482591875547,0.20395582412180965,2.862493439066085,-0.5053508884270903,2.753366166668536,1,-1.0613588897291755,0.5363470256198002,0.470647,-0.05066103246240772,-0.002505209541510567,0.06138483833049779,0.06570002561980015,0.2,-0.06292379845290708,0.046223680915432
205,6832.65,-0.34335605173425543,0.20555327353821262,2.8661797275797296,-0.49072452536491373,2.763237414444922,1,-0.7777627538961522,0.8091383675359847,0.765481,-0.06923301318837671,-0.0015611805032738069,-0.021039401248206246,0.043657367535984815,0.2,-0.07055027997420196,0.04635788028975379
206,6865.98,-0.43355682579041505,0.2045859356481026,2.8822945102647757,-0.2403295739020163,2.6863948631653742,0,-0.4651843822859476,-0.48246227157616994,-0.46228,0.12115278096156201,0.004876030518623509,-0.13960607202509223,-0.020182271576169697,0.2,-0.07147358976354111,0.046763250808792865
207,6899.31,-0.4714236232507403,0.20362653530780803,2.886602785793725,-0.4063844907457151,2.6867334842571196,0,-0.16754305338321362,-0.1644962394209175,-0.184737,0.0390889426005927,0.002029860876357148,-0.0338917943363688,0.02024076057908264,0.2,-0.07299590279227974,0.04696199169251862
208,6932.64,-0.46772220431499767,0.20357240499590973,2.891618287451737,-0.508669779760027,2.690715442003139,0,0.11160694004642568,0.13291702087010027,0.079893,-0.022119307984771464,-9.432409186427293e-05,0.0019970724744395874,0.05302402087010005,0.2,-0.07175835130938243,0.046944091904974034
209,6965.97,-0.42813415524053205,0.20418164775030517,2.898593434251832,-0.55520397815177,2.710715655575555,0,0.4073840667788784,0.40694219714852276,0.419403,-0.06247814987569722,-0.0012225200523232616,0.014480749447341346,-0.012460802851477215,0.2,-0.06852740530724355,0.046855464323469126
210,6999.3,-0.3595695990319837,0.20317452804997368,2.884210108143848,-0.5577610454151167,2.749525081054538,0,0.7209225187858683,0.7019430067938752,0.768439,-0.08355538202241197,-0.001133466744414502,0.0989387225925995,-0.06649599320612465,0.2,-0.06549645718754393,0.046869972734934096
211,7032.63,-0.2855034178746342,0.20385993512718378,2.8952556100251763,-0.5190805123035462,2.7808198699919027,0,1.0186404629515176,1.0184878932231705,1.01545,-0.08613105966136603,-0.000960594484552324,-0.003910699847371024,0.003037893223170496,0.2,-0.06270575346215851,0.04682222150285939
212,7065.96,-0.3538546869576785,0.2038108104992762,2.8883252464474776,-0.22960762419548297,2.7660136623528855,3,1.3388532195224112,-0.25574803470166074,-0.208907,0.11352458209402538,0.0006853748613808719,-0.016335541053449365,-0.04684103470166079,0.2,-0.06669886074251094,0.04677106420526524
213,7099.29,-0.3779022420244761,0.20285797387217167,2.871055742415508,-0.3564789769709685,2.7584543300070585,3,1.6190670874963073,0.071452468299956,0.00124755,0.03982087448095761,-0.0008299793168449199,0.07109587586483457,0.07020491829995601,0.2,-0.06119907746869499,0.046571675792194726
214,7132.62,-0.3720719169188995,0.20401880153055316,2.8765047444362026,-0.423172753814064,2.740312651214242,3,1.8471454039577893,0.3467269240846953,0.155973,-0.013854731827035227,-0.0015180885090226859,-0.011994872793982037,0.19075392408469538,0.2000187965804945,-0.06255726728716869,0.04678056936537202
215,7165.95,-0.3312148520339143,0.20449073445441746,2.871984427551228,-0.4421708098775337,2.76058296511969,3,2.160177539347008,0.5586531685052201,0.647667,-0.04650992334711068,-0.0012827976823333032,0.02275186891050396,-0.08901383149478015,0.2,-0.06720045944837953,0.04685849460126434
216,7199.28,-0.4339506246375715,0.2039071286764949,2.891232404741421,-0.1945891243459693,2.7183452091823845,2,2.4951359266277464,-0.6926761187374311,-0.585689,0.14261822639957167,0.004366443403740927,-0.13787811443295528,-0.10698711873743116,0.2,-0.06514283663802382,0.047123668221990975
217,7232.61,-0.4863033684963708,0.20395524576202317,2.911012044800673,-0.3749121635421572,2.7078668237445926,2,2.8260983649855564,-0.3454952409379146,-0.278174,0.05712568552036057,0.002051083060647496,-0.08430874091210816,-0.0673212409379147,0.2,-0.0644886713126114,0.04716559037263314
218,7265.94,-0.49314881955421774,0.2033636591704551,2.912687513682763,-0.5006669714777839,2.7183328365090813,2,3.131183803116956,-0.007001039656561403,-0.0125493,-0.010664361946449485,4.648116549610393e-05,0.027078804494787168,0.005548260343438471,0.2,-0.06467327683055217,0.04721960357950014
219,7299.27,-0.473142201253659,0.20376663952437823,2.9192598765293,-0.5660166716688868,2.7279399039647774,2,-2.932315459974131,0.29716499899842486,0.0686805,-0.057858742503671845,-0.001300950625074293,0.027777382956303054,0.2284844989984247,0.2,-0.06302664406591074,0.04715735346375216
220,7332.6,-0.45033019688339554,0.19098788950432258,2.88706582287577,-0.36103351294889885,2.860979087618046,1,-2.384915727458426,-1.0747486374765103,-0.374919,-0.0018857723641207969,0.013006002641915426,0.18148392911506184,-0.6998296374765101,0.2,-0.058055417308345604,0.044071675976538535
221,7365.93,-0.3718549667489435,0.1945813764361213,2.90745120956655,-0.6332720120450502,2.7976617316657473,2,-2.116621584837074,1.1028190405537082,0.876204,-0.11878425500221779,-0.006800000992176258,-0.01967719225488951,0.22661504055370818,0.2,-0.05818077569338065,0.04350500473114289
222,7399.26,-0.4353175866908969,0.19691864788576813,2.907568542729909,-0.3316467571963009,2.7745500838982227,1,-1.82890078889109,-0.21903394873561144,-0.345401,0.08748472723850798,-0.004740885397724881,-0.011147490897221335,0.1263670512643884,0.2,-0.05632649984645614,0.04425303300058547
223,7432.59,-0.4557557159307095,0.1984785538167093,2.8928767010351564,-0.44629983735371165,2.7689060084286012,1,-1.5559389263033627,0.06083351144693516,-0.0685767,0.021460740442810433,-0.005303267986067617,0.0748429432943376,0.1294102114469351,0.2002261057817705,-0.05178143518376827,0.044588738630589195
224,7465.92,-0.43234666614608264,0.19953855211794747,2.865367514291788,-0.5080101664977511,2.7536395976577794,1,-1.2472890632874896,0.3234966429177377,0.332662,-0.029270506825512133,-0.005426489806454438,0.12185141786619358,-0.009165357082262293,0.2,-0.052732508308597124,0.04475570447433517
225,7499.25,-0.3846069135771301,0.20085872813349073,2.8424166435153886,-0.5198397138700632,2.7437644387909823,1,-0.963810935046232,0.6317223969663561,0.573463,-0.061692857075867025,-0.004450982357882438,0.08759535356187298,0.05825939696635629,0.2,-0.059895398044526586,0.04489496573439119
228,7599.24,-0.4344181393310613,0.20122323225067626,2.8503348260899837,-0.3512009014368652,2.6273903021290193,0,-0.11022536805311889,-0.05831436621950914,-0.165851,0.05193657883306191,0.0022382256579884796,-0.08190910900008186,0.10753663378049083,0.2,-0.05908290909700855,0.044974951642386136
229,7632.57,-0.43252671577575247,0.20182340459145734,2.8600119874574683,-0.47375755975880574,2.651807497735142,0,0.10776107172828153,0.18229004245733327,0.0210705,-0.016785438595349866,0.00012161441981461962,-0.02164939168904212,0.16121954245733328,0.2,-0.057822175436924354,0.044927844117085364
231,7699.23,-0.32987694855595995,0.20163324001906335,2.8546781433280906,-0.5600451425334786,2.701782162727085,0,0.7320187811100025,0.6637079070865797,0.811364,-0.09191566351988634,-0.0006864588600477006,0.051067804412165074,-0.14765609291342052,0.2,-0.054882898170930755,0.04492506358255815
233,7765.89,-0.40602241909779824,0.20128800957600212,2.8351724828978613,-0.26682048232654426,2.7133773931849308,3,1.3424014297078317,-0.2595843243430913,-0.213224,0.09337894418934312,0.0003503997962326366,0.010123805721981682,-0.04636032434309145,0.2,-0.056843534601245055,0.044816985228867394
234,7799.22,-0.416561655975173,0.2009493499739275,2.813084569710518,-0.4172045405928025,2.6898733927873697,3,1.6097692846555862,0.06880249267721794,-0.000276802,0.009295167944037175,-0.0014342181682009958,0.05911178731960787,0.06907929467721807,0.2,-0.05443818874075147,0.04478868301302043
235,7832.55,-0.3843237797302804,0.20181426347151485,2.8100428149316743,-0.46635002665705655,2.6702123004789384,3,1.9125409577505375,0.33034052336324926,0.363195,-0.03903211922186456,-0.001128099298933538,0.002316012895242192,-0.032854476636750896,0.2,-0.05782559933320226,0.04488964800708492
236,7865.88,-0.3289238692743415,0.20248337688314613,2.805093145776793,-0.46618202149865745,2.690963186944512,3,2.2385051073346585,0.6348916604008448,0.724834,-0.06374429687164174,-0.000854314354766128,0.0048071362714185994,-0.08994233959915521,0.2,-0.06470194782378172,0.044967354015770206
239,7965.87,-0.366876998767253,0.2011930592009966,2.8205594050770473,-0.29678019503495423,2.5932443268990557,2,3.1204183107128607,-0.004965027772417585,-0.0501324,0.05322815366376643,0.003855626237571741,-0.08826568043820426,0.04516737222758227,0.2,-0.06436463864851838,0.04533221247538419
240,7999.2,-0.35257759257422455,0.20268265794799828,2.8553394702282016,-0.42087319487521535,2.6279593232314133,2,-2.848036760172649,0.2759078580241434,0.313995,-0.016623558590679988,0.0009957992681912664,-0.09357320167806238,-0.03808714197585683,0.2,-0.06066056914881164,0.045187897315691394
241,8032.53,-0.30483150551463994,0.20286998768593992,2.8705157366835223,-0.46206890855304517,2.6939618308059816,2,-2.5237404007843587,0.5939767164278145,0.656044,-0.05036129847453408,0.0004274779796933359,-0.017494877919308482,-0.062067283572185605,0.2,-0.058119601101026076,0.04516421941780068
242,8065.86,-0.2502889927717785,0.2054531468683482,2.914592448176653,-0.45517590743365266,2.755699531233119,2,-2.2148469091150953,0.9223927755848385,0.923517,-0.06262411951534741,-0.0001565593104340124,-0.10803435930616656,-0.0011242244151614678,0.2,-0.05531481673647501,0.045043348533784874
243,8099.19,-0.34217787014617507,0.20850199464540634,2.930908523442221,-0.1861096586558786,2.7895700487560977,1,-1.8620254311189819,-0.3393349704017292,-0.221769,0.13607447034633768,-0.0006853889930180657,-0.08780804524464525,-0.11756597040172911,0.2,-0.06705197133058541,0.04571142082032442
244,8132.52,-0.38445623082934904,0.20734208024203457,2.9004523871927015,-0.3459898945562485,2.8118833664304494,1,-1.585871395829709,0.02641786749219399,-0.095245,0.05445979185968408,-0.00211646791508846,0.16106995337031815,0.1216628674921938,0.2,-0.05677291212008387,0.04531961965378309
245,8165.85,-0.39379843370283113,0.20704502493929974,2.8805066597297246,-0.4328048873500201,2.7702600575076337,1,-1.4101766322207492,0.29361842857805254,-0.0642612,-0.006346741016017621,-0.0025010069426123493,0.11973667880600036,0.35787962857805233,0.2,-0.05374505790880727,0.04523650786441829
246,8199.18,-0.35645700057363755,0.20665974714827354,2.8596606583985107,-0.4628075266000151,2.7507290310015557,1,-1.0713003751430765,0.43859846035840633,0.613861,-0.04542589049174861,-0.0017467057884736903,0.0938361625863644,-0.17526253964159366,0.2,-0.05722199367928674,0.045205543821782254
248,8265.84,-0.45683504645511575,0.2053902161106434,2.8768649710046565,-0.2623980104228043,2.6820575175369683,0,-0.41887587328502995,-0.4888817180360956,-0.365365,0.10606076953689936,0.004313639864777841,-0.09758426505723872,-0.12351671803609543,0.2,-0.05567241383056943,0.0455831472507372
249,8299.17,-0.48407047445789914,0.20432282308296454,2.8806519016024335,-0.4501102614900353,2.681008038388195,0,-0.09744859780815007,-0.11130814106048215,-0.0821955,0.01463480462893818,0.0014063470144805024,-0.009540316761181167,-0.02911264106048206,0.2,-0.05588997180893808,0.045720822931369705
250,8332.5,-0.4648170388458349,0.20494745998954986,2.8878824839652446,-0.5437270687690828,2.6882190939887063,0,0.21147751127820547,0.21321702045852664,0.217675,-0.04388250356563761,-0.0010520779614098252,0.008186456974164091,-0.0044579795414732,0.2,-0.05434658541952314,0.045643330840667524
251,8365.83,-0.4132246296963519,0.20555820300683,2.8910951421181452,-0.5760313817008567,2.718227832235003,0,0.517298419146051,0.5211603636230886,0.521955,-0.07828794334904288,-0.001704348125537436,0.03803895614539199,-0.0007946363769111287,0.2,-0.05221617901927013,0.04558613006461477
252,8399.16,-0.3417222843729817,0.20536625242966383,2.8881184569784497,-0.5617932316361608,2.7596068288265836,0,0.8261081148110478,0.824925019136431,0.834892,-0.09192386683607445,-0.0012233693538044044,0.06257834412796637,-0.009966980863568953,0.2,-0.05017383057264617,0.04557109423589189
254,8465.82,-0.393347629667112,0.2057695292956792,2.883654887385136,-0.30207658431974094,2.74748525754333,3,1.4859808408713633,-0.13187409731393984,-0.0471861,0.0772682632744699,-0.0003747754120868585,0.0032876167534472422,-0.08468799731393961,0.2,-0.04965237417424891,0.04561334289895451
255,8499.15,-0.38121612871405214,0.20319551713289383,2.8383546332276497,-0.4291554796238622,2.739828060448865,3,1.8780857441510186,0.23280089259208303,0.413677,0.0024735608994626013,-0.0016829008239871435,0.16001352823861303,-0.18087610740791682,0.2,-0.043583701731097844,0.04519518517061711
256,8532.48,-0.3406843299165354,0.20126636510556267,2.7970476888651983,-0.47409913275093474,2.708423473283564,3,2.179666319913343,0.6402805402710356,0.570833,-0.04448245592622291,-0.002269019444671283,0.14053479943702873,0.06944754027103572,0.2,-0.04763457569858268,0.045077455830228166
257,8565.81,-0.28831215998232584,0.20084232241086136,2.780788554659949,-0.45643091011592457,2.6971271354895086,3,2.4513723976704647,0.9343216505657832,0.793198,-0.06427927887704588,-0.001522474705051735,0.04350803718700469,0.14112365056578335,0.2,-0.055457950500494735,0.04514633521630842
258,8599.14,-0.39274968996996706,0.20215774678295748,2.827268325754869,-0.200479799868647,2.585167465445184,2,2.7419834315597065,-0.37738033569904594,-0.460105,0.13057487919933974,0.0050772937849865585,-0.269462057092809,0.08272466430095404,0.2,-0.05626096642671046,0.04508415725950639
259,8632.47,-0.4364923504322575,0.2032269045469262,2.8575005204419552,-0.37864600296791673,2.6280794862844417,2,3.0443311651988463,-0.08969075897862666,-0.12289,0.04363661746722958,0.002004599709978905,-0.13829074074974868,0.03319924102137328,0.2,-0.05587444894133658,0.04496175596705787
260,8665.8,-0.442051791745515,0.20317019552103652,2.864850786245325,-0.48856551194550657,2.6666622693623365,2,-3.006769297597851,0.21170006498256821,0.00492295,-0.018672741184518227,-0.00010706717681729927,0.0020063973689499193,0.20677711498256812,0.2,-0.0551574972798217,0.04494035693428801
261,8699.13,-0.41204712509404395,0.20425945312472854,2.8823153660614125,-0.5337361058433057,2.6878292588714245,2,-2.7472405750020816,0.426035603717565,0.34769,-0.05868613983781579,-0.0011238424115638246,-0.0145464381288547,0.07834560371756494,0.2,-0.05171335041080222,0.044813758014267874
262,8732.46,-0.3494415522122697,0.20357649447089302,2.8751787676834946,-0.5399164806780703,2.7336059698156987,2,-2.4467161444759813,0.6775026433734732,0.738876,-0.08019787869050399,-0.0011709996637625508,0.085667397427442,-0.061373356626526654,0.2,-0.048605252745350665,0.04481096004462132
263,8765.79,-0.28435564200741603,0.20614408185960215,2.9183194875181253,-0.5074533448135388,2.7693110013623965,2,-2.1623248289334884,0.9806725227183328,0.965709,-0.08405535050021129,-0.000680510816919,-0.10782139056572637,0.0149635227183329,0.2,-0.04591360063412336,0.04471902123391086
264,8799.12,-0.35719729860909305,0.20604005336481135,2.8986588355027747,-0.220153615330623,2.7829691653566377,1,-1.850907738243042,-0.307043494251487,-0.262382,0.11869294340832948,-0.001172375067853615,0.06496483405632958,-0.04466149425148691,0.2,-0.046679148670791114,0.04459259805938106
265,8832.45,-0.38463891749107554,0.2059416640539596,2.878388299965998,-0.35597686581348437,2.7530956992531217,1,-1.5638575255218108,0.011994050672805123,-0.0111528,0.042262855339555205,-0.002453322409007974,0.0988914593411554,0.023146850672805197,0.2,-0.03988878114028252,0.044511354274104825
266,8865.78,-0.37329168304704635,0.2067435631394872,2.8682348907799025,-0.4336812566313249,2.72864012671489,1,-1.283799930189398,0.29821869163680725,0.272194,-0.015522402857597761,-0.0026076420789955534,0.05905919546065519,0.02602469163680743,0.2,-0.039817494092158505,0.04462058034027571
267,8899.11,-0.3249847811738655,0.20537058223217206,2.8339478159022837,-0.46027514765276695,2.7350969769498907,1,-0.955535728192594,0.5754211990032401,0.697291,-0.05146162751238936,-0.0018628006992980062,0.13726388145942092,-0.12186980099675981,0.2,-0.04506599734653519,0.044520948339816624
268,8932.44,-0.43367512968165894,0.2068695634098618,2.8822602164552986,-0.19460640096926568,2.6721547364292046,0,-0.6266784745208915,-0.6589102684063919,-0.577715,0.14508882773772314,0.0049418500930151765,-0.2496915366274326,-0.08119526840639191,0.2,-0.037485755689334425,0.04443731472040189
269,8965.77,-0.48943584424376574,0.20758276014737587,2.910865337950004,-0.38116713428241955,2.697918369197416,0,-0.2921224717487929,-0.32059972856636776,-0.256497,0.05824498597332983,0.0023973767172824623,-0.11412757200578705,-0.06410272856636778,0.2,-0.03559136189360059,0.044428846921667445
270,8999.1,-0.5002510324827786,0.2059295562474554,2.8957631058374464,-0.5115671334462975,2.72002757970446,0,-0.02262182951053937,0.02126428939352376,-0.0930565,-0.01090063458839996,9.552488133390824e-06,0.0944320815677071,0.11432078939352364,0.20018402081638811,-0.03775947854024546,0.04462512623518522
271,9032.43,-0.482800056676873,0.20516937074595165,2.8814138927031214,-0.5722647587553903,2.7089699061916894,0,0.15485077201792574,0.2805900381196005,-0.0465079,-0.0586562818669103,-0.0017167418398011947,0.10692401517798755,0.3270979381196004,0.2,-0.03775124431226595,0.04465154142779574
272,9065.76,-0.41845453960580975,0.2049309968190045,2.8770847956851267,-0.5764201237381911,2.7025134053631112,0,0.48344281150244317,0.4285685411694322,0.59694,-0.08553050717078037,-0.001381681774419885,0.06402181540085738,-0.1683714588305678,0.2,-0.03582687159926076,0.04463402978621534
273,9099.09,-0.3427843199442885,0.20648372498653625,2.8955971849462894,-0.555945302876463,2.735669989925945,0,0.8001354167828749,0.7682977850292527,0.8574,-0.09672164696125396,-0.0014084242479954767,-0.028207202221976146,-0.08910221497074744,0.2,-0.033457368955481945,0.044568044861476835
275,9165.75,-0.38324489361595193,0.20557852441693417,2.8719653703247534,-0.28442423107476567,2.7431532913329484,3,1.430265545748095,-0.18929791763134496,-0.106571,0.07705504171201394,-0.0009449384122945936,0.07813105120615083,-0.08272691763134477,0.2,-0.029416557278281918,0.0442956814759149
276,9199.08,-0.372655447928167,0.20516820384932893,2.8492464616219317,-0.40787474063080764,2.7042575670682516,3,1.7754481030419145,0.1615616246360254,0.26622,0.0008324627732267942,-0.0019801337554077314,0.07910240008184743,-0.10465837536397471,0.2,-0.026451082566920206,0.04424748561745285
277,9232.41,-0.32766833751238356,0.20450297506751564,2.827183543176589,-0.4544156021601002,2.6954952519863538,3,2.09192670701891,0.5156503043570204,0.538867,-0.045230970634543954,-0.0016031080776137685,0.07530867782337758,-0.023216695642979346,0.2,-0.030613639986042794,0.044237180567325195
280,9332.4,-0.3928040676545085,0.20355116431994016,2.8369478888179116,-0.27421813049904564,2.6129850067337124,2,3.025659496928161,-0.11540658532055481,-0.136824,0.07616234139191524,0.0027916468209863154,-0.09010337883556296,0.021417414679445024,0.2,-0.030327532715720636,0.0443826659017205
281,9365.73,-0.39800620435104417,0.20408099701229931,2.850994393146013,-0.435319733798082,2.6392088378102185,2,-2.9972008807449546,0.19670496160323303,0.0819166,-0.007849391074975287,0.0002988677032846887,-0.03933520740245733,0.11478836160323302,0.2,-0.029042089058378726,0.04431977501564263
282,9399.06,-0.3541758154875166,0.20357232206576217,2.846726343532934,-0.48795668229404954,2.67107815940037,2,-2.6788197344909,0.4469665158266869,0.494026,-0.049994107214375916,-0.0005224617163550604,0.036070303461394726,-0.04705948417331296,0.2,-0.028012351156713574,0.044323843412446204
283,9432.39,-0.2979764617568749,0.2050985192850309,2.868561612386512,-0.4897398863849675,2.702830898824757,2,-2.3840001604146974,0.7676640962067687,0.738963,-0.07046135191158642,-0.000878245699693192,-0.044489068252325126,0.02870109620676864,0.2,-0.025867743140939453,0.04423626882182007
285,9499.05,-0.3752856216911582,0.20571269140028275,2.8607225206559352,-0.23895208585293343,2.7049401699853552,1,-1.7588035530302724,-0.20993788412366987,-0.187413,0.10296058469260227,-0.000558168725731889,0.0026957647563388143,-0.02252488412367004,0.2,-0.027532475423895145,0.04432983481080157
286,9532.38,-0.3983728086386504,0.20467108178379392,2.8320307476930657,-0.39955287635639897,2.6913749674267464,1,-1.535565322928306,0.12005463499605273,-0.0839927,0.015837649191460468,-0.001906467414912072,0.10495791358405349,0.20404733499605276,0.2,-0.02219613598797031,0.044170756836270995
287,9565.71,-0.3732288049180506,0.20633818655558814,2.8339131299451075,-0.4615550815217454,2.6608807437724216,1,-1.2360800533334877,0.32553851188767347,0.354534,-0.03723956632150882,-0.0019329330559196833,-0.007548078324012053,-0.02899548811232666,0.2,-0.025803671488621276,0.044382752830237
288,9599.04,-0.31534546668493146,0.205607613552108,2.8091290053148117,-0.4768547288400322,2.6910085545309053,1,-0.9049989220441739,0.6264329979784331,0.741171,-0.06727538017916768,-0.0014158757906992392,0.08364031086980583,-0.11473800202156692,0.2,-0.03360552824239865,0.044393813512631844
289,9632.37,-0.42090802393343085,0.20621349568692252,2.8455697815103287,-0.19378059709501708,2.640402961221669,0,-0.5729393294086629,-0.605778609651205,-0.52623,0.13957580125304414,0.005000510911094214,-0.2056453064575865,-0.07954860965120503,0.2,-0.030612661445770344,0.04455197486660841
290,9665.7,-0.47060754812019384,0.20585772763779497,2.861911352102585,-0.37860605429958927,2.655443441818315,0,-0.2459965110379354,-0.2639956189181172,-0.227468,0.05088116594070158,0.002559835717317771,-0.075286770605413,-0.03652761891811718,0.2,-0.030705625704286105,0.04470341649083537
291,9699.03,-0.47703419670202674,0.2055157242276763,2.860429759872084,-0.5004602207094775,2.66746591809905,0,0.03150520793620615,0.06784717248613203,-0.0262621,-0.017190346626361652,-0.00034985887079397315,0.03199642974971839,0.09410927248613188,0.2,-0.030824628749930767,0.04473075660230768
292,9732.36,-0.4408355620958466,0.20532169316325516,2.855856908918802,-0.5576677580859987,2.6758519212890275,0,0.335291489709721,0.3367893744988453,0.348299,-0.06335752296152286,-0.0014068042328472252,0.06475997145722623,-0.011509625501154641,0.2,-0.02890606817219555,0.044708454221309896
293,9765.69,-0.37263373494897495,0.20420910711849144,2.836013131409012,-0.5663410151035633,2.698541480521412,0,0.6556680334527254,0.6392027668959512,0.702482,-0.08902201261475762,-0.001721899768606594,0.12270190895644895,-0.0632792331040486,0.2,-0.02671879915880497,0.04472490914010436
294,9799.02,-0.29718089384067914,0.2050271631484899,2.8451623334317815,-0.5306821404120746,2.72205410315704,0,0.9565624410922862,0.9618437766199008,0.945772,-0.09462847048845546,-0.001421857700369511,0.00528696973355558,0.016071776619901,0.2,-0.02425484983875244,0.04467160540874453
295,9832.35,-0.37084854338731327,0.20469355259865069,2.842627728750644,-0.2259334899804458,2.680328415223335,3,1.2761095832630467,-0.3106655279783226,-0.294064,0.1160005858070714,0.0017201740580583547,-0.03607256226571476,-0.016601527978322483,0.2,-0.03174005274477062,0.04454675845420204
296,9865.68,-0.39320609361505005,0.20509534198115878,2.8380701962281356,-0.3704460759985598,2.6772234324019415,3,1.598055722962747,0.014236399756962115,0.0421507,0.03490256875765452,-0.0011808202647474175,0.015410819625982342,-0.02791430024303798,0.2,-0.029154198791473462,0.044634050791495974
297,9899.01,-0.38834266852754695,0.20517543998697174,2.827480930762683,-0.4514972455382771,2.678637171559805,3,1.7968383108497168,0.3395869770733242,0.0350108,-0.0208102494259208,-0.0022123399169786673,0.0656565697081537,0.30457617707332396,0.2,-0.029273702778774266,0.04468622415328122
298,9932.34,-0.3767422245229531,0.2055367231807289,2.8253015459279442,-0.47198756447764934,2.678382518186039,3,1.8427405827541685,0.5121496680457973,-0.136493,-0.04672125375838254,-0.002168891192690481,0.05138779043034836,0.6486426680457971,0.2,-0.032797379536619826,0.04477013635287345
299,9965.67,-0.33278051294789346,0.2057622353364339,2.8160612462906247,-0.4545036551870149,2.6783351533306767,3,2.0842527353912113,0.5027415891721514,0.540779,-0.051570005228918525,-0.0016028184042333748,0.044530879790129596,-0.03803741082784873,0.2,-0.03630316865576831,0.044808062150346106
300,9999.0,-0.29368830105463917,0.2061379140618619,2.8090992959958814,-0.4343351398221353,2.694404104626533,3,2.2525556659129062,0.7459368421464987,0.575706,-0.04714507591610362,-0.0016835917391713195,0.04118700553837851,0.17023084214649842,0.2,-0.040198861233540925,0.044840012156667976
302,10065.7,-0.25195888192437904,0.205606149017973,2.7877109571057006,-0.4078993107441548,2.7351488105140094,3,2.4110123899567633,1.1164645281221617,0.538969,-0.02869933277598813,-0.002836948623047064,0.11711523908452026,0.5774955281221619,0.2,-0.043905945398399114,0.044850719622773205
303,10099.0,-0.23857630263768534,0.20521985244034266,2.7841025358211975,-0.36567855125536997,2.6986578046668988,3,2.3338698658488246,0.9979858653427698,0.440529,-0.00826353706323868,-0.0016525093771231347,0.06566921780191626,0.5574568653427701,0.20016290020493574,-0.043607835271915564,0.0448454993666694
304,10132.3,-0.2397351868390259,0.20524767584212136,2.785420317492404,-0.3410605254766244,2.6785211861262637,3,2.2372587282161813,0.8713751129846354,0.346505,0.008641888449757662,-0.0013031481315453064,0.03789291034779607,0.5248701129846354,0.20044671451307344,-0.04278039588705662,0.044835600273628776
305,10165.6,-0.2492860975547985,0.20322911161797258,2.7654477235290504,-0.33021719192919063,2.663567479750817,3,2.1799231823845417,0.7311153841133162,0.405258,0.02244184052085796,-0.00026804156741278007,0.0821655070877676,0.32585738411331633,0.20060682707284685,-0.042978286040098373,0.044890651356068095
306,10199.0,-0.282217511917256,0.2019925069274266,2.7625235724583392,-0.3330942041719103,2.6326262701488288,3,1.990235279632719,0.6472141818865182,0.0256558,0.032115314214947066,0.00013824307199916674,0.027973535360837243,0.6215583818865182,0.20017380194449386,-0.0444631403772001,0.04493806651967706
307,10232.3,-0.32958237386651235,0.2011148204740167,2.7577183652263755,-0.33900204264138833,2.6126495779674137,3,1.8036473266612845,0.4068987141179896,-0.0763781,0.041857798821446135,0.0005576629069956596,-0.003601362890577331,0.4832768141179895,0.2,-0.04902633296318578,0.0449940964873569
308,10265.6,-0.38698082817816465,0.2009791621115255,2.7582452696065123,-0.3594298991894918,2.602748288409037,3,1.631674479135559,0.1814001275990229,-0.156725,0.04689765276778601,0.0013298965849122268,-0.05831556350956868,0.3381251275990227,0.2,-0.05638169924854558,0.045045544412955496
309,10299.0,-0.4508529326089656,0.20290903511442734,2.7817279424229304,-0.3947876756434573,2.6098389202741537,3,1.4786843597774162,-0.017625981724496143,-0.225942,0.047002226205908215,0.0021634829561234525,-0.1628307344417479,0.20831601827550372,0.2,-0.06527286601656222,0.04505200415169145
310,10332.3,-0.5173454581298368,0.2045661207350613,2.8081258834734624,-0.44364986712946375,2.649804591154026,3,1.3050029555607283,-0.18650459043541545,-0.405109,0.04383725061781085,0.002684715758661582,-0.15522404219147257,0.2186044095645845,0.2,-0.07289584732283422,0.04506536352876066
312,10399.0,-0.4285248610417487,0.2050923455565068,2.832973952428234,-0.743307741940741,2.7247100792488426,0,0.9423801000796717,1.0812606741319204,0.793602,-0.15934407406297257,-0.002656368813169774,0.10602761347178546,0.2876586741319205,0.2,-0.06171499593689581,0.04491101017794467
313,10432.3,-0.36046771309575865,0.2063745071046985,2.8603659709273153,-0.5739621732392661,2.7013342924495536,0,0.7063017899189417,0.7990698187547745,0.590933,-0.0903011161941909,-0.0014875081429495118,0.013254202756708633,0.2081368187547743,0.2,-0.0573984237485895,0.04471776813477004
314,10465.6,-0.32799084242220466,0.20680641939132471,2.8783111433424318,-0.4546194224989875,2.6997841575471813,0,0.47912625459532965,0.5425878705402631,0.387762,-0.03510596121910847,-0.00040128944067596706,0.008673587138697147,0.1548258705402632,0.2,-0.05691832770385749,0.044711989423174836
315,10498.9,-0.3324187762661684,0.20723557615289742,2.8953282247988525,-0.3744724470223657,2.699019033709179,0,0.18169258858884607,0.3015287110860383,-0.0204789,0.004473216807121094,-0.0003333612408504827,0.00704407158246978,0.32200761108603837,0.2,-0.056322890447658286,0.04471913051422329
316,10532.3,-0.3451663107855278,0.20622160726952682,2.8863450741208303,-0.3173257786860005,2.707560534418422,0,-0.01839210306986061,-0.022622681287141067,-0.0222452,0.032394349022482505,4.280992232930103e-05,0.06426358568578916,-0.0003774812871411015,0.2,-0.05588763115027686,0.04474007629446016
317,10565.6,-0.3588639222719213,0.2057138168028616,2.8817034063130107,-0.29448365526841996,2.7002555786659506,0,-0.12060003757172622,-0.22094083707266776,0.042114,0.04379160556454309,7.363819935424232e-05,0.02947342487548843,-0.2630548370726675,0.2,-0.054681578496538645,0.044713382792009176
318,10598.9,-0.37219211863447205,0.20536010829584586,2.8788225754347394,-0.2965327678902213,2.6978681114355063,0,-0.17198007851876262,-0.29995271855558103,0.0401457,0.044068705051489854,-0.00020765631873498336,0.027113248567871118,-0.3400984185555811,0.2,-0.053488062378529946,0.044685167873449984
319,10632.3,-0.36948244788299833,0.2049587469997744,2.879114882747689,-0.30885224105048725,2.6949599401062354,0,-0.08043744943480302,-0.32205316730786215,0.329961,0.03883816921642236,-0.0004421777564096452,0.034390511867862905,-0.6520141673078621,0.2,-0.053114254530048276,0.04466167687018127
320,10665.6,-0.3796426716256983,0.20449742411798472,2.8753528764175775,-0.3354446334761504,2.6870660385548697,0,-0.088659104419329,-0.17441543331321396,0.0535721,0.028357731683744003,-0.00037430508779534577,0.03279217203408846,-0.22798753331321375,0.20028683160360453,-0.05243695964444411,0.044641269121440195
321,10698.9,-0.3895812058828464,0.20449441863431714,2.8773359622054464,-0.3498598451518793,2.6811336063643068,0,-0.08992797434881572,-0.16264392235813707,0.0310385,0.02224963865086904,-0.00031965384283161313,0.005375524682484478,-0.19368242235813726,0.2006137856975535,-0.05214398232431805,0.04465029613217645
322,10732.3,-0.3977378146641411,0.20456065889870736,2.8774217905362045,-0.3643724735778042,2.6819394365973763,0,-0.08361596218448142,-0.1471693141978534,0.0227054,0.016695230547434825,-0.0005268120276769039,0.011173959671229472,-0.16987471419785338,0.20087105511665898,-0.05191574724824691,0.04466492131910246
323,10765.6,-0.39310515029343185,0.20460352797052128,2.8783265663574777,-0.3776526893643556,2.680590269354442,0,0.007239241397889895,-0.12596589653253476,0.236061,0.0112160073689207,-0.0004815073876498488,0.012443929061662473,-0.3620268965325346,0.20103735383942528,-0.052035958039948274,0.04468003965349193
324,10798.9,-0.3880906689507713,0.20465538217076099,2.8772797423273833,-0.3963362551616414,2.6793165164246613,0,0.08343518244848269,-0.004705456066332214,0.236061,0.0043196065598754,-0.0004960432061720255,0.013854551483918787,-0.24076645606633207,0.2010129207137979,-0.05206411918983526,0.044691684929943847
325,10832.2,-0.39028115221590826,0.20593315067617404,2.889230101800847,-0.40955459702829183,2.678576695878162,0,0.1069798819774781,0.09154707306239596,0.132786,-0.0004600000944474658,-0.0006769479207151541,-0.03942890578991154,-0.04123892693760389,0.2011038311001615,-0.05247272897903864,0.04475644049973053
326,10865.6,-0.3844013708325923,0.2057926943565645,2.884094481225783,-0.4170878583495992,2.6925990795518913,0,0.1609886537429306,0.11861788050678079,0.236061,-0.0025011901543572357,-0.0003743311686421613,0.03016552200361655,-0.11744311949321906,0.20079896758504318,-0.05225678740385589,0.044744925607739065
327,10898.9,-0.378895787823028,0.20565456814506144,2.8788754112886097,-0.4225283068091923,2.688449035490165,0,0.20114186811730272,0.18214165547303907,0.236061,-0.004710162309442989,-0.0003517814663176466,0.02689916810960513,-0.05391934452696079,0.20051350101871013,-0.052064806118373864,0.044735435620180036
328,10932.2,-0.3738981777537692,0.20552212439435297,2.8740341084240555,-0.4245935332801086,2.684286769382125,0,0.22927881576602616,0.2265022301415054,0.236061,-0.005698663889616373,-0.0003110526691698645,0.023106913936638662,-0.009558769858494465,0.20030228115265064,-0.05191762175131441,0.04472804782558519
329,10965.6,-0.369471945706484,0.2053975574408551,2.869805971021048,-0.4242325645586941,2.680200754151482,0,0.24756139708446234,0.2552259068110647,0.236061,-0.0058025280820754865,-0.0002574846932845709,0.019014023643005196,0.019164906811064863,0.2001811634898912,-0.05182042951915184,0.04472267809660529
330,10998.9,-0.36566012983898516,0.20528254518818956,2.8662628173260574,-0.42222443354774,2.67631879679219,0,0.25803512992638966,0.27157085944656156,0.236061,-0.005294469983413208,-0.0001975042418371764,0.014866669127962417,0.03550985944656171,0.2001363881832421,-0.05176656951966262,0.04471908643719121
331,11032.2,-0.3624762416524446,0.20517863097245315,2.863371639814406,-0.41928266915750634,2.6727730182083302,0,0.2627854590119414,0.27886541250813623,0.236061,-0.004424648907981332,-0.0001372342771821522,0.010907838513899204,0.04280441250813638,0.20014063321245665,-0.05174379593236384,0.04471691927436601
332,11065.6,-0.359908599897432,0.20508662949730502,2.861055948320268,-0.4159518137887366,2.6696434835957934,0,0.26357142053174343,0.27993054486500224,0.236061,-0.003386247396147901,-8.098379712784265e-05,0.007302568708900559,0.043869544865002386,0.20016655241950862,-0.05173961356604232,0.044715793697166176
333,11098.9,-0.35793901207798734,0.205007058350045,2.8592447978881004,-0.4126197944882499,2.6669767325090237,0,0.26176482414047575,0.27688857358478414,0.236061,-0.0023184214042490936,-3.1630662649995145e-05,0.004157269244312811,0.04082757358478428,0.20019386258820937,-0.05174401013959919,0.04471535671565593
334,11132.2,-0.3565109060851715,0.2049398265975202,2.8578616303347206,-0.40958115967091985,2.6647905517692,0,0.2585209078571058,0.27160876977270343,0.236061,-0.0013285961967213211,9.038659684712513e-06,0.001534314483871313,0.035547769772703575,0.20021159083804932,-0.051750431519261786,0.044715320623979996
335,11165.5,-0.35540010129646865,0.20498589175647855,2.856773401838016,-0.4070012327361807,2.6630741575095427,0,0.2558136420220274,0.2653740650880656,0.239253,-0.00047884250210250556,-9.460349171153126e-05,-0.0004627021263421405,0.026121065088065443,0.20021641886453437,-0.05175493060117184,0.04471551401313299
336,11198.9,-0.3548637933998493,0.20492481942120244,2.8560741989204224,-0.4050507111250887,2.6617866146368954,0,0.2516185015947725,0.26050702106177726,0.236061,0.00016504272769823913,0.00010613038136186859,-0.0021106072618692906,0.0244460210617774,0.2002104391038884,-0.051757481104000976,0.044715757951816475
337,11232.2,-0.35535336025504216,0.2048079571453996,2.856415946491988,-0.4035002740282172,2.6608965096854234,0,0.2432549666828967,0.2542902516108958,0.22374,0.0006958195479587204,0.0002621789510102168,-0.005635444263071943,0.030550251610895973,0.20019197474336886,-0.05175796751262433,0.044716271819608
338,11265.5,-0.3556823646532375,0.20453392990163746,2.8531090877046728,-0.40219176722316213,2.6609765531532914,0,0.23523060153957198,0.24344839427313536,0.220853,0.001319000089175404,7.21822381324344e-05,0.008638065261510341,0.022595394273135394,0.20017521228072943,-0.05175780840303755,0.04471662411299797
339,11298.9,-0.35667312069804535,0.204487192802169,2.8541893977633834,-0.4008438705009734,2.6568759365335985,0,0.23036316494462827,0.23356109795922775,0.224161,0.0017289381762211065,0.00022561294080070127,-0.010279112817067837,0.009400097959227693,0.2001478055691379,-0.051751570305734816,0.044716791486616524
340,11332.2,-0.3675639891223063,0.20454117658020837,2.8568089538554036,-0.40108570219856354,2.6581241749178157,0,0.15333307214811231,0.22802230072693908,0.0227054,0.0019692556952883855,-2.640362605887958e-06,-0.007135726366836348,0.2053169007269391,0.20001767543881005,-0.05173369779722447,0.04471691433700318
341,11365.5,-0.36752326906960964,0.20479282171611687,2.861106044217229,-0.3950524515250562,2.6579940800998823,0,0.17013595264782078,0.13411205686433458,0.231641,0.004059091469191589,0.00022877859428493963,-0.02385950553677496,-0.09752894313566562,0.2,-0.05171329930050208,0.044716022030360715
342,11398.9,-0.37603831252136743,0.2070966295527192,2.8894481618398036,-0.3999880315490263,2.663822208610978,0,0.14889825382971456,0.15915776632206002,0.128373,0.002671802905865661,-0.0001834351580352056,-0.10866224699164295,0.030784766322060175,0.2,-0.05163690327054662,0.04471012849799558
343,11432.2,-0.37451797325705755,0.2069678396611722,2.8891011106346176,-0.40505340554890773,2.6957807550237973,0,0.17091965323284608,0.13586426185741374,0.231641,0.002468083542446209,0.00022896625667412351,0.015102677961800648,-0.09577673814258647,0.20005277702876076,-0.05165461763668608,0.04471127206923073
344,11465.5,-0.3722925018244842,0.2068893104206949,2.8877355866583563,-0.40907576199888585,2.6955606126626717,0,0.19431031644694796,0.1658462430685992,0.244052,0.000992139580614726,7.195678868310296e-06,0.017259138657252038,-0.07820575693140075,0.20009651171227472,-0.05167109809590624,0.044712098263386825
345,11498.8,-0.37085608937190917,0.20672340306823891,2.8866214096374607,-0.4122544226106677,2.694453261476597,0,0.20863273054859732,0.1956774327471824,0.231641,-0.0002167484825559285,0.0001137030852724763,0.014845087422933112,-0.035963567252817796,0.20010649257812443,-0.051678614438246534,0.04471289388227614
346,11532.2,-0.3683886704388633,0.20634688034545426,2.8810742940531138,-0.41385992554705375,2.6934166433107207,0,0.22201789022235818,0.21292272356566366,0.23889,-0.0010006738797656567,-8.390143018477403e-05,0.02994900088705066,-0.025967276434336384,0.20009631918703719,-0.05168614832412797,0.04471392199860929
347,11565.5,-0.36616241252080195,0.20600979042814918,2.8760481602949044,-0.4139241504953157,2.6873443044997405,0,0.23180327795235822,0.22829337765549118,0.23889,-0.001363195269489914,-8.490467657695788e-05,0.023939583752279336,-0.010596622344508866,0.20007779325604666,-0.051688742159847895,0.044714612906598686
348,11598.8,-0.3625686583244505,0.20591052108802935,2.872254270004572,-0.41336372348834016,2.6818844587190944,0,0.252777002705562,0.238813514326357,0.277798,-0.001349374226200517,-0.00022598205112078773,0.014443564160609768,-0.038984485673642766,0.20005959969290693,-0.05168806032111582,0.04471483640331116
349,11632.2,-0.3621819714889077,0.20583971849644894,2.8725713209820216,-0.41394172121307804,2.6787060004348966,0,0.2513862218719414,0.2629362003069522,0.231641,-0.0017107621075620472,0.00010162333578200844,-0.0005094337386561953,0.03129520030695199,0.20005494350333716,-0.051686331598729186,0.04471485582397708
350,11665.5,-0.3619191733261121,0.20578081750098118,2.8728993029234244,-0.4127564160493074,2.678915852225832,0,0.24884079345566867,0.25886986356733166,0.231641,-0.0012667711888307842,7.057350914152494e-05,-0.0004891274490814723,0.02722886356733145,0.20005678744421831,-0.051686324318769516,0.04471486186167884
