frame_id,xc,vxc,yc,vyc,zc,vzc,body_yaw,w,r,err_target_yaw,err_target_pitch,err_distance,err_armor_yaw,obs_armor_yaw
1,-0.5353778199744704,2.458122648885551e-08,0.20252549666088465,-1.6740954420385234e-08,3.083310449471123,1.0069961449270801e-07,0.00983646908451341,-3.0448902400311674e-11,0.25999999694131565,-1.8536727708351464e-09,1.0083427426366143e-09,-1.39379916497262e-08,-9.154867974814351e-10,0.00983647
2,-0.5321922138990118,0.008941266751268006,0.2020814619775856,-0.0021039923105905293,3.077057195331749,-0.029613288848860494,0.017410198387907805,0.03549655143788324,0.2600121538393854,-0.00013549344367769223,-2.865244724592486e-06,0.004568487888813699,-0.0054047016120923885,0.0228149
3,-0.5068637319526308,0.11435337993040089,0.2026257134157591,0.0026356402365698517,3.0852865507123908,0.04286948142162621,0.1472982522177868,1.0456163187085903,0.2599757532258793,-0.0025670425316732803,-7.18723169259583e-05,-0.004317525565115776,-0.10848374778221315,0.255782
4,-0.5140621460278613,0.058554691250903367,0.202607796710406,0.0017963889484809976,3.08490692648419,0.028243860701494677,0.08756220630393674,0.2794474836018912,0.2599557314150181,7.019149041553874e-06,-3.847395216860505e-05,0.0028247395592861935,0.07794052630393677,0.00962168
5,-0.5230611273367525,-0.011387731518383966,0.20178445460351166,-0.004391206947327385,3.077310149556458,-0.033090584909066835,0.03399116652822043,-0.18805366125821737,0.2600664239743989,0.0011439253880309863,5.038230235676622e-05,0.008555138414021002,0.05326746652822045,-0.0192763
6,-0.5274003700089902,-0.035403081340287704,0.20105827920002903,-0.007943357617553028,3.0685160476485795,-0.0803013182867102,0.011981541165690945,-0.2938787192243072,0.2600630496919418,0.0008923318347862086,1.4569707358802475e-05,0.006992438978180804,0.014228631165690953,-0.00224709
7,-0.5277710092728781,-0.030697394715220004,0.20169068478800753,-0.0031073814713544843,3.0716638628576494,-0.04856633699828419,0.019882414062058373,-0.18494642350471324,0.26002067928050226,0.0002469719553750416,-0.0001472183402606575,-0.006194634639751229,-0.016465085937941826,0.0363475
8,-0.5292052017459525,-0.032504356178372315,0.20249812721920843,0.0012681688181886714,3.0797798670145924,-0.0017497124696811903,0.020205817125617198,-0.14766530273881104,0.2600017820557125,-0.0001546897906909983,-7.482117545221101e-05,-0.010461421015697248,-0.006245882874382769,0.0264517
9,-0.524187351208584,-0.005439833574601864,0.20262963897452801,0.0016615879299711847,3.0861271606439016,0.025951810097714523,0.04371365439270125,0.006207327809665514,0.2600212689502579,-0.001085320530422873,0.00011728959733003919,-0.006556195239272089,-0.029505845607298742,0.0732195
10,-0.5179157036953876,0.019993991939622504,0.20223405399279942,-0.00013337724283782478,3.0794705660281667,-0.0036989164769674135,0.03176252825708925,-0.05832520833999104,0.25996348267256364,-0.0024526018286556983,-6.489877624016316e-05,0.01039293750489012,0.011585028257089292,0.0201775
11,-0.5001767888329202,0.08306422896970296,0.20384465160178314,0.005814369556230574,3.087194307771726,0.02516750122688833,0.06422136726545391,0.1148048176704506,0.25996298171129867,-0.005187791839544431,-0.0004758235204871397,-0.006766391167302377,-0.039211632734545976,0.103433
12,-0.48944397301888554,0.11096226816320817,0.2022968909101737,-0.00021327308164245749,3.0727220030074327,-0.027136255630352796,0.0034097443518517068,-0.21127132161127998,0.2597735310439932,-0.00522161684216238,0.0001691068844560384,0.02318246810632152,0.0678935443518518,-0.0644838
13,-0.48053539985798627,0.12855610433380404,0.2048607970175378,0.008230789263427608,3.107368916356502,0.08887902855160985,-0.037704789003622174,-0.38142313136581285,0.2599316056968653,-0.006253243839837275,-0.00010259404336565581,-0.042100548173440444,0.03559211099637771,-0.0732969
14,-0.39893620267487095,0.36608006327547393,0.20453709892099217,0.0063433558789693055,3.111348807287111,0.08936993719393659,0.2578573956049852,1.1265619422831414,0.260935118699387,-0.014714792529419984,-0.00020484427898592728,0.019256926738726587,-0.3511906043950148,0.609048
15,-0.3204443447361798,0.5627997270496436,0.20629668394689224,0.011043354672883424,3.1309656388519174,0.14931071872703688,0.5099627879416389,2.16906580163449,0.25744415785617475,-0.0164053934418269,-0.00038243499351553467,-0.012193887056652475,-0.24548921205836116,0.755452
16,-0.24843783322491794,0.7161793254243759,0.20865695237774917,0.016925211891913476,3.147292355460807,0.19515723054755185,0.7426846885101233,2.946112283968653,0.2529990668109658,-0.015044193720485044,-0.00048597492325530567,-0.016406171329713448,-0.18196031148987668,0.924645
18,-0.45096327299133077,-0.11199577097660451,0.22844214226708057,0.07918370929178029,3.094158539267708,0.17190415702306103,1.1770785006553544,4.229378653355689,0.1898371223601008,0.08782033565078251,-0.0070847709926935565,0.02723002345176395,-0.1563228261395424,-0.237395
19,-0.5197719576902521,-0.30466134188805405,0.2357720615699771,0.09301983847387774,3.0282539085597713,-0.03599126156174304,1.3886034766702995,4.562996769695872,0.19021992574161226,0.030856227954686233,-0.003752857797805209,0.07953923814680897,-0.06214985012459717,-0.120043
20,-0.5182588198831267,-0.2736650593214452,0.24103010386301424,0.0988832829032678,2.9976176091992426,-0.1161837474107475,1.5687479951740855,4.686664554317302,0.1907712509477114,-0.001447933528953449,-0.001933080025873224,0.04171978649397312,-0.0331078316208111,0.0310595
21,-0.47603659860714054,-0.1401079093588762,0.24713149942112175,0.10615081861843366,3.006852230449307,-0.0727380538193017,1.7927400897532717,4.983203668023407,0.18668598341416934,-0.019578678215204537,-0.0009539859601974676,-0.009014494754413072,-0.08293423704162484,0.304878
23,-0.3632075310421476,0.2218347636261089,0.2506206673382946,0.09543635830191173,2.9883604347247017,-0.070265682855925,2.27152000659272,5.673778612575063,0.17118093039688967,-0.038236638512706644,0.000609232746198618,0.025833936966948023,-0.13403532020217668,0.834759
26,-0.4736061257651807,-0.18548254216768809,0.22480295428437022,-0.012838794100112141,2.9583228302378894,-0.09710184850515369,2.992794972247058,6.362321445696429,0.1558586048941636,0.0374623650066126,0.009491006886970688,0.0029058855285493124,-0.07306028134273523,-0.0757374
27,-0.4863891082140868,-0.20218813754721396,0.21381982228632115,-0.03956917054171703,2.9730465116252667,-0.05182597048611214,-3.0560589866807506,6.448368017785643,0.1558921089514962,0.002026763695916145,0.0044758086915202,-0.020871698007236095,-0.01978033309095739,0.105314
28,-0.4819896725476583,-0.17800677732409645,0.21124324565807215,-0.04237964403557549,3.024577705383384,0.07173636783799112,-3.0052226430434055,5.833946071853221,0.1534643157606599,-0.014685245064541608,0.002080560838260581,-0.06334952592471632,0.18545421054638744,-0.0490842
29,-0.40943777748090593,-0.00701867144186602,0.20609722489807575,-0.0503904746466018,3.001878021696318,0.026201380455503735,-2.620315854348079,6.569359398021103,0.14948050017347678,-0.02623007577712677,0.0006403157064602816,0.04520660392900622,-0.2352672007582859,0.756544
30,-0.3471399174004126,0.1278489836441455,0.20555092116922527,-0.047985698279424026,3.0269562361380977,0.08891494356992793,-2.2927697414174677,7.012047618583141,0.1433637817163812,-0.0276889056776497,0.00016511176629530055,-0.03053590280960572,-0.1308920878276747,0.979715
31,-0.5010292327012454,-0.1994300342587923,0.22377850395779603,-0.005266599485307624,2.991600984653343,0.07850772730984852,-1.9650109839783363,7.435347052449579,0.10431299347413671,0.06775829120195542,-0.008857317476511195,-0.010427173310207039,-0.0951866571834401,-0.299028
32,-0.5428474621677499,-0.2772893837680258,0.23403057847855263,0.017775397609550964,2.949759389219099,-0.01814196259271318,-1.6826538637198003,7.594618729721572,0.1041262255087622,0.019893007151110975,-0.006040638152462474,0.05352551749430834,-0.03739323692490393,-0.0744643
33,-0.5183146000456701,-0.20197415571558253,0.2404227410153495,0.03095036651708678,2.9150115502027103,-0.09332333495749168,-1.3364348258566685,8.024126215186435,0.10353300317448776,-0.009832255503600784,-0.004014230258062579,0.05659868173326732,-0.11176249906177205,0.346124
34,-0.48650588313914905,-0.10634467200983781,0.24414542663113697,0.03722927352079185,2.8908791036866184,-0.12680333088492654,-1.3915371230629623,6.493884086953409,0.09625213030153672,-0.021504682528352692,-0.0022977647513529043,0.04199004973222875,0.3657332037319345,-0.186474
35,-0.41159229293771377,0.07798687346551085,0.24464503778745583,0.03553730937481815,2.867066161072716,-0.16555980343302462,-0.9981958556167956,7.333916727031727,0.09300495612422406,-0.029541574465441478,-0.0007429124335907034,0.040607419800733346,-0.2071705288218988,0.779771
37,-0.525124672206546,-0.26159256004497045,0.2265408515034552,-0.02479627027795664,2.883234514710028,-0.03665199512132758,-0.36221126489853894,8.096113027150917,0.07176921630486435,0.04196645371295471,0.00955618294548044,-0.0677908564136871,-0.11515526489853878,-0.247056
38,-0.5445831074111691,-0.29003919030470476,0.21377499341448594,-0.05587062853905109,2.8616440452167837,-0.0900674253195915,-0.0873437308368259,8.119584638247277,0.07230520902573204,0.006001605584347924,0.0043356608300419985,0.025353258633700193,-0.004601730836825801,-0.082742
39,-0.5201843891392094,-0.2053886738734392,0.20921733461095743,-0.06252088943085532,2.874774875232049,-0.045252384834152996,0.22899191259968266,8.3206893664114,0.06966804018355743,-0.01513229886829226,0.0015315504550623693,-0.015028193302240478,-0.05148508740031721,0.280477
40,-0.467730029018183,-0.060182212940459556,0.20505696171794183,-0.06747057934854933,2.860064925745309,-0.061570255950578925,0.5285293197681376,8.416599477188917,0.062259718925604,-0.02482320053864351,0.00034565310097489643,0.02518841149124329,-0.02802068023186255,0.55655
41,-0.41235506906410274,0.07975600309434064,0.20366687423796115,-0.06542602687250285,2.8702242921745325,-0.019428665557821925,0.8218047021248287,8.471690810144265,0.05561277037102504,-0.027117355195377613,-0.00015942156152526366,-0.010240509381786111,-0.014901297875171249,0.836706
43,-0.504814903216011,-0.1945035034256645,0.22365567761739016,0.005077742822983872,2.8667723397697835,0.0037165166332051754,1.4234795718620354,8.66029387797116,0.042559952563296546,0.03387884465782065,-0.008577426795492116,-0.0258078810793978,-0.026669754932861167,-0.120647
44,-0.5044334459945583,-0.1779084162758941,0.23439528787650485,0.03244738806440257,2.836332507492449,-0.07495006299915587,1.8088003719956438,9.09380451881183,0.043305799129964746,0.0004946058636887685,-0.005349825047209933,0.040047738568017355,-0.09869995479925286,0.336704
45,-0.4776847593230684,-0.09577194666351896,0.24267410615855006,0.04995763049146015,2.8377938566575267,-0.05899707253293806,1.85293934432742,7.958791420818807,0.03968606725222768,-0.016875450132576297,-0.003163089521751594,0.002077364687292249,0.2866574075325232,-0.00451439
46,-0.4171677787246403,0.05749121890567979,0.24320945920482276,0.047336445841858116,2.8076949615797546,-0.11816276733576736,2.202760708916129,8.330655256937701,0.03613159939900295,-0.025190803559253627,-0.0008263879056289447,0.049776353314678445,-0.09893361787876742,0.730898
48,-0.5162124758543825,-0.22225814023215643,0.22701048460270673,-0.008335359428300812,2.8426218123727605,0.03693175161801296,2.8208560266151173,8.640107782356909,0.019737733375289963,0.03339859979073445,0.009533991953284193,-0.08000187735551068,-0.051865626974676005,-0.268871
49,-0.5318822446971075,-0.2434207915843018,0.21550087601100568,-0.036810575874119456,2.833246540598208,0.010100492151881565,3.117724098543576,8.679587800024875,0.019905687906790974,0.0042906057600982095,0.0044124473572360046,0.012973630549410142,-0.00910605504621742,-0.0147625
50,-0.5098528695722849,-0.1697287911890923,0.20937188124525108,-0.04851555787388166,2.826866155528592,-0.001559302881067523,-2.950241864384671,8.358007653654184,0.017705553345657366,-0.01289000230520898,0.0017821103525332838,0.015089390561657812,0.08232478920512198,0.109026
51,-0.4653526544138422,-0.049453495178924584,0.20540098523806646,-0.05400151092666697,2.8191948945899457,-0.010770695004641919,-2.623191495470298,8.570082975213149,0.013231611825010148,-0.02141213736851455,0.0006302609932062886,0.018053598661916137,-0.05636684188050456,0.574768
52,-0.4226143380558477,0.05627769280371114,0.20550529254322447,-0.049614454395179336,2.86486176354178,0.10086047286831026,-2.330770926879281,8.600041615100254,0.010451767766679398,-0.023677330178941247,0.0004286238231649975,-0.05704183158836962,-0.007457273289487976,0.818279
54,-0.4992022601583776,-0.16524102531625975,0.224978028592816,0.015616906379189624,2.8389832534408823,0.02973621685199647,-1.7262466235708769,8.75509412355721,0.0011886582900078792,0.03006729059919433,-0.009039631437478324,0.015870034836858338,-0.025435296775980554,-0.130015
55,-0.5017049064990885,-0.1582605978665153,0.23636659598565773,0.043440807450207494,2.8034335135571515,-0.06334647357908235,-1.482380206449048,8.540051373993062,0.0018861190477323098,0.0013678744321810044,-0.005632276420070248,0.04756049101086601,0.048938020345848265,0.0394781
57,-0.43920920320287643,0.05262341730546549,0.24487199339061064,0.05925444048955515,2.803874787177561,-0.03487214157857138,-0.8807968500117234,8.68934588599224,0.004792514259018627,-0.029198903009284738,-0.0019193773183774354,-0.002925200686991758,-0.026444523216826887,0.716444
59,-0.5145184945997447,-0.16051523562041264,0.22393771820426311,-0.010253114551206546,2.7900667367723466,-0.047281788674503736,-0.2802140869720926,8.78311099165597,0.004044074463239469,0.026104432028330127,0.008911114460552483,-0.012866544998272111,-0.016110086972092486,-0.264104
60,-0.5200116228367704,-0.1609857655247338,0.21293093849018138,-0.03592988113876232,2.7802285523929346,-0.06721458840290412,-0.01077573100002338,8.689919695667033,0.004179513738245661,0.0006468948703814981,0.00401382744157619,0.011500807137815094,0.0238290689999765,-0.0346048
61,-0.493632056506522,-0.08878129115475997,0.20834560957045759,-0.04349173833298334,2.787404813491249,-0.04264939210260163,0.3013283426178486,8.779265348670414,0.0021022607490501287,-0.0143714298673423,0.001628716841948652,-0.006579033915944166,-0.025711657382151643,0.32704
63,-0.42880643740357727,0.10131730605700412,0.2062746434262721,-0.041511615441943005,2.831353512724446,0.09142157270536663,0.8869235704559362,8.780662403038844,0.0044046393719442255,-0.03334939023395034,0.000870751380844137,-0.05106168810299616,-0.00019642954406373647,0.88712
65,-0.4851858172161221,-0.0636514739315448,0.2273646856003158,0.02229852679920203,2.8266764499945105,0.07432039756662628,1.534407295306906,9.052846455434027,0.0011939340739706853,0.022010687239739646,-0.008482735342813186,-0.006477295535340488,-0.0491523314879907,0.0127633
66,-0.47389130905191523,-0.03262946211813091,0.23807493419500392,0.04552391548589747,2.8030919488229507,0.014384167512205254,1.8213561112125847,8.993589777787385,0.0013052910042508055,-0.0036290972490413687,-0.004986806491499074,0.03535047562791371,0.015282784417688156,0.235277
67,-0.43626509570592303,0.05285388835917113,0.2444482695421881,0.056064884981176524,2.803172943203094,0.018107378867709457,2.0774793820626707,8.819367158181125,0.0013797010547286054,-0.017622710340685188,-0.0022171345239963003,0.003975657208149297,0.04994005526777423,0.456743
68,-0.3883403993579008,0.15274087935647446,0.24826634530683137,0.060196580501523066,2.8255069184247583,0.06881723466826792,2.367158341802586,8.801649539782996,0.0015966537853609954,-0.023593122751345952,-0.00018486372432890974,-0.025612753588926562,0.0050620150076894355,0.7913
71,-0.43197197853852626,-0.011542938251489054,0.22762544269377244,-0.015712866782738193,2.8123034736666046,0.02072327061230962,-3.05662835433371,8.707190911374818,0.002014032984230323,0.018580824825440878,0.008402816445520767,0.00929500301653352,0.013327599256083289,0.0716367
72,-0.42825710094218306,-0.0014621462097419314,0.2181296481054378,-0.03735885410313448,2.8338697963697213,0.0705531990125399,-2.769732277088054,8.693830905510998,0.0018337256292157611,-0.002877162928667243,0.004184451610978357,-0.024149747975172442,0.0031883765017388654,0.368672
73,-0.3949856968379159,0.07366361396197853,0.20900988970002937,-0.054593896144848705,2.8119936763007582,0.022055746232493997,-2.439028887034195,8.854589929860982,0.0007435046670651348,-0.013504003073701032,0.0025294958939472423,0.036296980468506934,-0.04572723344440188,0.748291
75,-0.4876477395387644,-0.16180427534703307,0.22676103505877596,-0.0001983855928373579,2.8085399669983473,0.03412303510902747,-1.831271213981702,8.932375951234498,0.012287020497646926,0.03524847233751105,-0.007014398172675129,-0.0473739697436506,-0.015485887186805325,-0.244989
76,-0.4973200931482711,-0.1719793412323231,0.23540413568719085,0.019509528825848776,2.779561373999069,-0.03436491208916322,-1.5847162709796836,8.721259818670719,0.01279525438278702,0.003960804549038688,-0.0045910019757289255,0.03829596562248705,0.054605455815213144,-0.0685254
77,-0.4722319442789875,-0.10396087736943033,0.24331418894768034,0.035202530929622694,2.7936846989641038,0.0010849788631832197,-1.3078479323264958,8.66417705771858,0.011125496494447188,-0.01473082943501458,-0.0027954648078987177,-0.015895987845099935,0.01554639446840067,0.247402
78,-0.4275723591954727,0.0023628828764673815,0.24812003237073924,0.0429848185474151,2.81372411689863,0.04994682942584239,-1.0114683198253478,8.696265556427665,0.007202532299770628,-0.023581907708378758,-0.0010748993893754388,-0.02155615473147865,-0.009115993030451186,0.568444
80,-0.509552060593419,-0.20724388034808205,0.22859592852310662,-0.016921632103691076,2.8245897529310753,0.09058624640626811,-0.3815794493859621,8.937297042734636,0.003527771081621953,0.030439208810088214,0.009918990964556063,-0.038782352880460724,-0.043093449385962046,-0.338486
81,-0.5152892006471882,-0.20525553853824396,0.21347778390266534,-0.051595366120279845,2.7759747440746394,-0.03228405542520084,-0.11906074167509129,8.782211411043686,0.004353280842172635,0.003348875612242619,0.004371677341383329,0.07071211794060828,0.0367062583249087,-0.155767
82,-0.49090647609474813,-0.13266310857966573,0.2071847230543034,-0.06198819731788264,2.7678101998439377,-0.044771483819610366,0.08143888742686345,8.384795720634314,0.002476463691276197,-0.012925401031019579,0.0016106766432546493,0.016083700188943784,0.10349088742686341,-0.022052
83,-0.4436333887631049,-0.013546645336075136,0.2025130895558001,-0.06780235183487306,2.7477948737548212,-0.07838815359901607,0.469823743972944,8.861557545035339,0.0016905634763884313,-0.02179238135601791,0.0004597081806405612,0.030932108894680788,-0.1259922560270561,0.595816
84,-0.39906999735643817,0.09087541449615338,0.20276868289643143,-0.06218066827377575,2.7927519184282343,0.03395632076927291,0.7886255085402847,8.96679405754937,0.0016228585638939932,-0.024797538706082367,0.0002902181616866173,-0.0630886711716574,-0.027175491459715317,0.815801
85,-0.4987590650414695,-0.13415995531130928,0.22221242381806264,-0.012622662261552231,2.8223702105193116,0.12992528252948066,1.126091329018089,9.144727361231642,0.01656179414089297,0.04436722645066826,-0.007261902253233199,-0.11357907629094388,-0.04463699777680752,-0.400068
86,-0.5236218675533981,-0.1819467528832936,0.2335241172217698,0.015004491792262029,2.819907143360883,0.11477619972935281,1.4504726075430572,9.236640691123931,0.016164126577075506,0.009697071758409948,-0.005452119996841365,0.0026432826143656385,-0.021953919251839427,-0.0983698
87,-0.49989291100504474,-0.1098098880962621,0.2406685051673576,0.030991819705865516,2.8035617856906137,0.07021391154059847,1.7048231186972167,8.982117065814625,0.014719717501992413,-0.011685936584625356,-0.00386041167071971,0.033859239693335486,0.06038279190232032,0.073644
88,-0.4554060304652917,0.009851886877315447,0.24651087933539245,0.042690521533400305,2.8140167924316755,0.09758952181337938,1.7846383863793234,7.928459013003858,0.010618607624998317,-0.02293944309257423,-0.002076689273480703,-0.0032062649025967893,0.2483738595844267,-0.0345318
89,-0.3964319906108399,0.15599467940268388,0.24936536998945716,0.04621120694153043,2.8296191882809536,0.13403001959106578,2.1631660866271165,8.479262859015249,0.007407727657035432,-0.02686612478615258,-0.00042861748389055876,-0.008071684461644857,-0.12917624016778007,0.721546
91,-0.46960250631876793,-0.08841633373993613,0.22798824309062693,-0.027301173853263805,2.825817912239963,0.12020619472435179,2.830884686416864,9.002962376709853,0.002809305904482506,0.03057193181715734,0.00943773111463253,-0.010160145339977333,-0.08208896717292902,-0.228619
92,-0.47643397214474426,-0.09927655648819175,0.2139588311267125,-0.062155087373659886,2.7955407741371117,0.029291476814556114,3.104519534904048,8.881544113242215,0.003365267034534557,0.003806385317665306,0.004225487003052919,0.04488195602420264,0.02636358131425487,-0.0634367
93,-0.45175615056653035,-0.028330417365549962,0.20798443050416357,-0.07190307077684874,2.7937415255200864,0.025975291310397962,-2.8306279059713657,9.112494264452215,0.0016453751434896157,-0.011513336333346391,0.0014626254514449322,0.008491307754933342,-0.05707825238157227,0.368043
94,-0.4103458274236513,0.07710736083268699,0.2035612881274,-0.0768198861295405,2.7905174475796355,0.024683477933373082,-2.503536264160726,9.216659557711498,0.002758259170706934,-0.019719752772370036,0.0007608869869519808,0.005915638900686471,-0.026587610570932618,0.664644
96,-0.498329330541718,-0.18639631527458,0.22295656032617325,-0.005813341377631329,2.7999908622570024,0.06760027815874145,-1.8869539759943523,9.227622270076212,0.0069453683787808265,0.033064541339355547,-0.00801156286632887,-0.04875978560240357,-0.0016546491994553492,-0.314503
97,-0.5099538795843377,-0.2005355573326915,0.23428655301286594,0.023898956145775568,2.7864291035906814,0.027008292197444494,-1.619782753720445,9.048581745583679,0.0071755315086379666,0.0033274693999048033,-0.005211837346130732,0.018052432517761563,0.04138597307445169,-0.0903724
98,-0.479949140567579,-0.11055720471538841,0.24143685371155177,0.03931236564506622,2.7750346153222645,0.0016362297113124806,-1.2756671404118223,9.232958721072675,0.005118900886634366,-0.01457696178824408,-0.0033201205196267125,0.022558773916163677,-0.047685813616925365,0.342815
101,-0.5556855216641667,-0.30288089223693127,0.22417030156132464,-0.025043665855952503,2.8252083602374913,0.1546024421867437,-0.37733451973488963,9.120070132969605,0.00178046342094742,0.01685242791817343,0.008268647019389341,-0.05959397021667945,0.015480480265110508,-0.392815
102,-0.5523655146435633,-0.26904086119897297,0.213116330599257,-0.050758437916182286,2.8128984497526623,0.11166818021328351,-0.09648940924949079,9.027139704146366,0.0016147510642968307,-0.0038604188620769975,0.003392995842159685,0.02469754256757506,0.02199259075050941,-0.118482
103,-0.5160342642283096,-0.16443649231155968,0.20687982073224556,-0.061077597664496455,2.787544289664815,0.052030746888219404,0.10848720389229705,8.652019319289828,0.0015983153662717923,-0.016897339509504228,0.0009147774352342708,0.04347826463064486,0.10672369389229708,0.00176351
104,-0.4635579897314057,-0.035897724910004536,0.20300772574962925,-0.06506459418967953,2.766246096857797,0.011008248697125349,0.4486657476823157,8.860696182973323,0.0033780727383857655,-0.024617109816557292,3.2123157948316106e-05,0.03493315433231725,-0.06108425231768422,0.50975
105,-0.4078744899143155,0.09016861579243454,0.20039665990211522,-0.06601042312623104,2.7607687567473085,0.009640073351579681,0.7653375332658725,8.95076455688856,0.0029932433095424065,-0.026991098232950872,-2.5207039099583994e-05,0.010304857575260229,-0.02559546673412738,0.790933
107,-0.4813991009733953,-0.11780265997084002,0.22169716909020482,0.003092158638359044,2.7846727701182097,0.08869760307209912,1.3968498046502216,9.11799714147702,0.006076858265051907,0.027369306517201153,-0.008473287438175436,-0.06421820784748311,-0.030060522144674806,-0.143886
108,-0.4790398200820891,-0.1029831112929377,0.2322107196280524,0.028337530875064035,2.7579287969210107,0.017323357964167396,1.6157635378505848,8.744597265413061,0.006492378959177699,-0.00048002069531927205,-0.005376573293251141,0.03987014103249642,0.08828311105568831,-0.0433159
109,-0.4432733693120322,-0.011826171577339686,0.23892741589728145,0.04163673179754521,2.747748787634195,-0.0035731773218580266,1.7129025626416237,7.90550534807969,0.004599697408218272,-0.01646076218496395,-0.0030802723507217245,0.02188550433158687,0.21803423584672732,-0.075928
110,-0.39914416191800256,0.09019857333959848,0.2467705264795532,0.05619645336240728,2.803051091941093,0.12361464229282673,2.064854958121167,8.293472922255402,0.0029087858761738684,-0.023877746620835527,-0.0010235291407227898,-0.06999116247876325,-0.10225836867372973,0.596317
112,-0.47558960392779465,-0.13148800745728184,0.2273011471159643,-0.00854336301275424,2.8051358430169064,0.131677520108843,2.7465878079299486,8.917638695594214,0.008615802083426974,0.03210328550334207,0.00992645256282687,-0.031155593394553094,-0.10914384565984436,-0.285861
113,-0.4859127299888837,-0.14667967903591628,0.21382790307363816,-0.04117598691238255,2.7839890131937253,0.06864441843646372,3.0685108671186416,9.026742120802997,0.009083229149653826,0.004230351836500557,0.0046639451186965,0.03386178787347216,-0.025330186471151706,-0.0477516
114,-0.46475924447558975,-0.0843678670521335,0.20897145041231985,-0.04937176885447406,2.7989265133638552,0.10183250691366617,-2.918052252226003,9.00829536746978,0.0070541561286641815,-0.012166768047311649,0.0018329922048758718,-0.01297480854849331,0.004562401363790158,0.218978
115,-0.41886949116695965,0.03063600073030201,0.20328170558844985,-0.05862484319111798,2.773219513996004,0.045621442632174804,-2.5607095181951753,9.258765507899534,0.0017219895739502963,-0.019343746658416983,0.0007536637898932774,0.045382891830546335,-0.06611886460538186,0.647002
116,-0.3805028240711133,0.11766355022636,0.20430369497933085,-0.05186902875613009,2.8394904200179614,0.19499600431382547,-2.270849831874615,9.174312575078561,0.0007922798289094642,-0.021268671928752703,0.0005643039042642073,-0.08430730146740917,0.02188782171517767,0.848855
117,-0.4844673318298676,-0.12462504324778421,0.22519303091509213,0.0010285543578088807,2.8589153850801425,0.2573743493850291,-1.936070513025876,9.308349970494957,0.017490496206542742,0.04651731795837044,-0.008305116674308,-0.09142230186573164,-0.03365818623097949,-0.331616
118,-0.5072281033259987,-0.16917972245120821,0.23670217588437786,0.028384321386437927,2.840322026943082,0.19328418451698826,-1.4097158253011128,10.322538808101964,0.017747337718777654,0.010436258606490778,-0.006037918812249021,0.03310836967819508,-0.2474594985062164,0.40854
119,-0.48465216946813766,-0.09953251007569375,0.24267920803137605,0.04063275331388116,2.808612998560193,0.10798933715853269,-1.2943346469157837,9.235006975391675,0.014943678376687187,-0.010124263973478431,-0.003714345514858941,0.057757812603354,0.2596815798791128,0.0167801
120,-0.4400132527215547,0.019563154526218623,0.24833170365804663,0.05116838657738443,2.8133372572510407,0.11673238635796661,-1.056152983498246,8.900556282491099,0.01180489203536812,-0.02166678786785159,-0.002097336448402043,0.007106924005812587,0.07845934329665072,0.436184
121,-0.38609203119032715,0.15346879571004093,0.25146268623905466,0.054680195489728536,2.833010053755845,0.16141910292911515,-0.7819502099820279,8.791733174845168,0.008601560592802574,-0.025294502833935972,-0.0002831409814048058,-0.013168799075227167,0.025291116812868886,0.763555
122,-0.48958771153726716,-0.10688341282096861,0.2323201112473807,0.0020149495866052455,2.8424499330169968,0.2082447459370349,-0.4702769649000489,8.883014282474868,0.011196268092609823,0.044979491022444584,0.011212426699486855,-0.0616640556975212,-0.02063796490004899,-0.449639
123,-0.5183883554317912,-0.1705281217438646,0.2194019562651446,-0.03077733558203081,2.826569591287203,0.15243812443921478,-0.1724403510189334,8.891723311823748,0.010651924395593695,0.012732001020090422,0.005125279860547227,0.026495056190649624,-0.0016263510189333807,-0.170814
124,-0.49918234660427535,-0.10719496364948367,0.2103088999909245,-0.05118044935135005,2.7877194750458383,0.04239317182232774,0.04684220121089533,8.516835085935176,0.010717104648123005,-0.007370723541448854,0.0019185620309012386,0.06822838325557568,0.08608700121089541,-0.0392448
125,-0.4609448827635242,0.0010957369482841595,0.20754081529052573,-0.05391204116840067,2.7978045438994674,0.06918535161964053,0.34999110790720067,8.610294393263702,0.00826374542311769,-0.018736220934934877,0.0005586217419941697,-0.004110387037886021,-0.021908892092799448,0.3719
126,-0.4101004328007525,0.13383447338088117,0.2058215500175951,-0.05370872926031791,2.8050505525385865,0.08990283562720301,0.6739755284342959,8.78996760374309,0.00416084117114301,-0.022828573728722823,-3.714463827497738e-05,2.886746592878353e-07,-0.041553471565704214,0.715529
129,-0.4428013438336745,-0.016596918820487416,0.22379877615222074,0.023096716812044206,2.7431568308058107,-0.1311120531907627,1.515625905276222,8.609808534200996,0.0026351124308114063,0.015638782850512456,-0.0079539236789552,0.05831144005933142,0.02150437848132558,-0.0766748
130,-0.4265341631295913,0.02953561743763331,0.23746047395310774,0.05821902197243488,2.7508322121544744,-0.09822226882168646,1.7641755741669565,8.448012387742752,0.00238311361924288,-0.006873927959183401,-0.0044632142081657555,-0.012188658224164595,0.035189247372060084,0.15819
131,-0.39075231589860515,0.115238433666147,0.2470766201245513,0.07693313542177349,2.799942147662472,0.03105858390809739,2.079153864199869,8.582939239009827,0.001205314562234478,-0.017953801360239385,-0.0015366897325637119,-0.06263484788765705,-0.036321462595027665,0.544679
133,-0.4766585372770041,-0.13389008155550502,0.2297528013799799,0.014956790039761102,2.8115290163548976,0.08015723260917282,2.7471011141540513,9.011999599667327,0.01027467296616105,0.03470291947512161,0.010042771165708508,-0.053139867651144534,-0.08324153943574153,-0.31125
134,-0.4943540807010059,-0.16596549010462627,0.21910922198678215,-0.012060812953390888,2.8150638335132214,0.08219495186354185,3.106113862549055,9.255444099587573,0.010269927211200779,0.0054289333860571,0.004757480978005546,-0.0028541931574768142,-0.06181449104073833,0.0263357
135,-0.4690443302065816,-0.09436407562817134,0.21091751607100814,-0.029773988349156105,2.792256303101015,0.028497551146773832,-2.995499166779339,8.729945505057222,0.008065428912399935,-0.01161983189103788,0.00242348753465782,0.040490032216506044,0.14482022681045414,0.00127326
136,-0.42545617164993244,0.01210609819724176,0.20660619511739828,-0.037178163628832715,2.7865436036830706,0.019935491053697418,-2.6518353774711985,8.954380433080388,0.004527540809972391,-0.020073358470801494,0.001094444148495466,0.01631069788416495,-0.062102723881405364,0.55186
137,-0.38150073842445575,0.11168944897768159,0.20554990740249848,-0.0368135013013977,2.8198224987168476,0.0976206549534912,-2.3375249492097434,9.024235540490553,0.001512628015552321,-0.02214891001127306,0.0008373350916968114,-0.040174316892930495,-0.018508295619950488,0.822576
139,-0.4510217447890392,-0.09794117376741186,0.2242552677499065,0.02237750461277111,2.774845053904138,-0.02885619063284675,-1.7366023635803065,9.021478167134772,0.0049549405668858106,0.03023393173589284,-0.008764344066892082,0.03345162480802921,0.0005849632145897843,-0.166391
140,-0.4523336633859229,-0.09343625571089276,0.2360127611119438,0.04989107024849991,2.7482068768190633,-0.09243833827880109,-1.4738890468272396,8.851979262483793,0.005342650710531221,0.0009161846695242559,-0.005341237494238538,0.033211031883134456,0.038934879967656766,0.0579724
141,-0.42255134326143584,-0.014702016637152829,0.2444807833280713,0.06593031527048232,2.761019907122071,-0.05249810659439242,-1.1608840293058509,8.930269164054419,0.003734990551608836,-0.015284551105897659,-0.002511139379626215,-0.016642375884118543,-0.020133702510954254,0.430046
142,-0.3780974240558695,0.09149599879113493,0.24979264136023674,0.07311762642023208,2.7855857784369147,0.01286299085405631,-0.8488478088662599,8.993670256246709,0.0008409831999360937,-0.022091217777076455,-0.0005558174303361696,-0.030533262107395043,-0.01652048207136314,0.738469
143,-0.4818818413237446,-0.14479608192636662,0.23188459975093803,0.02564105725907701,2.8064021728292166,0.09121628520164049,-0.5175949478516113,9.13620388271869,0.017664937556577213,0.04721356474333005,0.012153247997595873,-0.09778796655565136,-0.03666494785161145,-0.48093
144,-0.5189177793478594,-0.21974719245991237,0.2211416933230685,-0.0017467841379304391,2.824062410775782,0.12760226686690657,-0.184225403609231,9.269526667845378,0.01613841903736867,0.01331855365358825,0.006066145812968049,-0.02884534700914365,-0.03254840360923117,-0.151677
145,-0.5011212646210762,-0.15949611554605567,0.2116230639850477,-0.024218417766144525,2.784669551455058,0.02614229770690439,0.054707347064086864,8.940375376114913,0.015668974726940635,-0.00770876704778356,0.0025931982422582323,0.06838210569643044,0.07967054706408705,-0.0249632
146,-0.4656998553936222,-0.0590327322472069,0.20987787587307727,-0.026538255209024336,2.804931042350613,0.07801249204869258,0.29296153988975693,8.655755166717796,0.012688580333454625,-0.019790197605180637,0.0008811945964302126,-0.019753672318319815,0.06765953988975681,0.225302
149,-0.5302032269649768,-0.24314454442871178,0.23060850672494015,0.04737023333861315,2.815291017743984,0.09431703351517517,1.268266176967984,9.185479609524617,0.008802548477349036,0.01750242699253013,-0.006798537818720973,-0.016335265436504987,-0.0635831498269126,-0.238947
150,-0.5124826441997097,-0.17477356069463584,0.2395104382944804,0.06692762379757229,2.7729709725246474,-0.023169671840630915,1.563144927506393,9.137903451849775,0.008435835899427606,-0.006422172305128093,-0.004251554583524442,0.05832676961650707,0.01020710071149633,-0.0178585
151,-0.4691241619755934,-0.055736003442468804,0.2464288885461712,0.07812261752963578,2.7695609389960523,-0.022389065544734653,1.8026237868103134,8.875206093693132,0.004780544463025383,-0.020087281966799875,-0.002237467397344872,0.010863687430119118,0.07082446001541687,0.161003
152,-0.4151657126676014,0.07309901987558358,0.25163375885353273,0.08403108835894707,2.791313956758533,0.03623655268726642,2.0966452424882664,8.867516742592823,0.0004583066714048947,-0.026203733984381916,-0.0005138095162848799,-0.022980304020358666,0.0021679156933700483,0.523681
154,-0.4932931154687716,-0.14744572942210804,0.23440102767531223,0.021557451157125325,2.8256572559502677,0.13931889541057985,2.764566286695387,9.226006689935565,0.008626290595836132,0.030090981490756175,0.011038958673634802,-0.07482411632781316,-0.06737136689440604,-0.309655
155,-0.5033336960525124,-0.16006125333165036,0.22145134030530117,-0.01153993567299906,2.816595844405686,0.10617668669622812,3.095728006391073,9.327649664163337,0.008854385681327627,0.0031443959278152356,0.005321003828300697,0.018391039635953454,-0.02474974719872014,-0.0211149
156,-0.4753211790023323,-0.08255227672540336,0.2136455236975855,-0.028521955157753433,2.7973313855693376,0.05852092974429939,-2.9614495764010464,8.966869731099637,0.006662106098295335,-0.012781394667394697,0.002329163663141731,0.0375960067810861,0.09579337718874648,0.0843497
157,-0.4292502686479952,0.029411821161549362,0.20866813441081686,-0.03758501138254476,2.7863838321189065,0.0369020199902317,-2.647707311290551,9.031201374089559,0.0026847684775006776,-0.020634480294398294,0.0011915416810177604,0.025289062563534248,-0.017509657700758297,0.511395
158,-0.37991510461396616,0.14114685978223385,0.2050501137279908,-0.0429518923325713,2.790379545107774,0.05094192480905341,-2.330151640288002,9.10490911268432,0.00167755222428536,-0.023192297403549222,0.0010658302289621169,-0.00019818238272018007,-0.019211986698208783,0.830653
159,-0.4808285535952306,-0.09438486198540935,0.224239872093594,0.004591461626442472,2.7915032067795766,0.07925747405020989,-2.0087719929167815,9.187483952114906,0.015385670729557755,0.046164334288912645,-0.007701193087112479,-0.06714625780422834,-0.020812666121885037,-0.417163
160,-0.5068683425831388,-0.14814182107709076,0.23539298318119606,0.03049983440039446,2.77675388243824,0.03949830751779548,-1.7105077571777707,9.150290082058234,0.015063821122680865,0.011402912270483956,-0.005388541766737198,0.017276057754413543,0.009729569617125566,-0.149441
161,-0.48355767446534736,-0.08020861479287125,0.24171910037800742,0.043309372597296496,2.7503604191185564,-0.024202889372373235,-1.4903931845049019,8.747129606398257,0.014342017813788618,-0.010334581327579695,-0.003525432051780797,0.04501147393815197,0.0962744422899946,-0.0158713
162,-0.42815934247565923,0.062198100541758644,0.2427726693530618,0.04251627676790571,2.7069327636098466,-0.1191539773682887,-1.1169046420775106,9.139465500722947,0.010820796691525136,-0.02163349525175784,-0.001681786270697927,0.06995397231176126,-0.09385531528261382,0.547747
163,-0.3745029392479162,0.19139485618892382,0.24689221311299975,0.04910769276699297,2.7346584813239363,-0.03485998572936627,-0.8193956840999679,9.10469436734439,0.0069967729917929525,-0.02515221289122227,-0.0001773712527746163,-0.03729166388356653,0.00817764269492871,0.743223
164,-0.4758558761612614,-0.07060151295179196,0.22810312391503132,-0.0022676719823164146,2.751871385108122,0.042773319918345015,-0.518735509769999,9.092166481513571,0.010659696173299565,0.04532200608062409,0.011532273174253316,-0.08002570289357669,0.0031854902300008092,-0.521921
165,-0.5096531930270468,-0.14959869344294077,0.21745975669393253,-0.029100830110653283,2.76384997927844,0.07146195346983415,-0.21419484727905402,9.099693460819068,0.009208972112318883,0.013056367244876466,0.005359260494674611,-0.02273916175517865,-0.001360847279054056,-0.212834
166,-0.49488774014863746,-0.09910684813173203,0.20963762740438666,-0.04649863536980209,2.747540637495912,0.025786773815130178,0.055469328277604646,8.936094512982725,0.008788168184699248,-0.007201584046844456,0.0022869915966619025,0.031300004741414256,0.03752042827760471,0.0179489
167,-0.4566473666006029,0.008518329743725697,0.20714096361868295,-0.04893961530612308,2.7555849263447727,0.04980194619788167,0.3461677262344627,8.901035885829254,0.005876975063958998,-0.018749332814485875,0.0004814329994551336,-0.002686395897239624,0.007778726234462852,0.338389
168,-0.4055407833032964,0.140966872966916,0.20543081386843628,-0.04913800016245069,2.7615076426135095,0.06908634612850893,0.6578736578955655,8.973835471809144,0.0016919747124428562,-0.02288619076246201,8.727969779798173e-06,0.0009555090536528255,-0.01687134210443464,0.674745
169,-0.3567158244713019,0.2562527963497965,0.2052815925760355,-0.0453910879893386,2.800773374908693,0.16686255019140955,0.9541847030231834,8.960054678665545,0.00020093387742786705,-0.022302082840141235,0.00035718306397569677,-0.04446315211250429,0.0032497030231835033,0.950935
170,-0.4523868453967061,-0.007874127372252404,0.22501469466548218,0.009800832913170854,2.7969588040274957,0.17211787646684729,1.2893412925032095,9.138256800546413,0.015362880449489372,0.043601869307736685,-0.008255911751183564,-0.049562924800989894,-0.041025034291687135,-0.24043
171,-0.4646873432467825,-0.0399640333999795,0.23404829496531723,0.032653600419254525,2.753525279439594,0.044336666579179784,1.5533360719404108,8.940613606461815,0.01642928938632986,0.008671657756409878,-0.005405997126257667,0.06529435580723719,0.04571954514551413,-0.0631798
172,-0.4348364720040081,0.041684392394185456,0.24105567447937784,0.04818065517795098,2.7368534145956267,-0.0006741144155853682,1.8215029309756643,8.795201542594132,0.015710823105563817,-0.012059519683063513,-0.0033558809411533552,0.031088524320733946,0.032738604180767794,0.217968
173,-0.37976974798000823,0.18334854911992407,0.24321507500235273,0.049728514232435295,2.7141589348789363,-0.05214288050453727,2.159264868797589,9.011999116142528,0.012339443224794047,-0.021518361172405687,-0.0012922829864323582,0.03927288126300388,-0.05071345799730764,0.639182
174,-0.3277523926829866,0.3047085645879828,0.24756153406874826,0.05661125739733675,2.7634172565435478,0.08191880290829129,2.453730095434171,8.982926480042966,0.01088712086970187,-0.02335646938758451,0.0005633825632136436,-0.06289926397254986,0.0070077686392746585,0.875926
175,-0.42980348481499764,0.018898466634426403,0.22669005979077106,-0.0032323555541151835,2.741696437540212,0.05130504189781534,2.748870408322248,8.963080329288553,0.006401369488094791,0.04665834655691237,0.010349446984760036,-0.007336671048732146,0.00585875473245423,-0.398581
176,-0.4587346856241868,-0.058444562125857774,0.21474403818199694,-0.034371827024525264,2.73569107254951,0.033161763044944545,3.047565305103184,8.963100525848672,0.005435626501614035,0.013206096215025998,0.005086712514412728,0.004490592950691319,0.00014405151339103028,-0.0941714
177,-0.44551073566078714,-0.018124791207936808,0.20885937627886514,-0.046845798632158674,2.7372838279281724,0.03549606397378907,-3.0141142256869635,8.586849410656402,0.0049134087527415975,-0.006751267092588886,0.0020113159388328583,0.002919078273621256,0.08639622790282964,0.0410822
179,-0.3831592753739765,0.18447564352491985,0.20591004064596805,-0.04666852219688127,2.7860730734582315,0.18668305982333566,-2.38388903163513,8.882188986539864,0.0009306026037425594,-0.02591140902553324,0.0009807144522246958,-0.04432589520645047,-0.04613037804533704,0.803834
180,-0.48638870467910683,-0.11236287037842929,0.22748435631774858,0.017103175837006233,2.810551643618828,0.2654720033007173,-2.0223502126644837,9.184052806732884,0.013641876981094123,0.04402288156877887,-0.007573476593004891,-0.08215076950972566,-0.06541088586958699,-0.386143
181,-0.5065371481657619,-0.1549571002984973,0.23762810860688244,0.041867858419595255,2.7795425078896834,0.16315968654713786,-1.7143198994010929,9.192642467238587,0.01414938868991253,0.009789676523112245,-0.005330527188654344,0.04844622850684477,-0.0016615726061961489,-0.141862
182,-0.47447081933866614,-0.06209092855050313,0.2418879813391321,0.04913030667617195,2.7290820963045688,0.027485185860429612,-1.299504370178559,9.676817590380034,0.013207298966518162,-0.011115177181429736,-0.0033950445224033565,0.08377260618852445,-0.1240840433836623,0.395376
183,-0.43002534496978556,0.05388392002775923,0.24844786209934094,0.06123569958355901,2.7478551499533994,0.07860308098727348,-1.0651976367494012,9.275294705219524,0.009108775683495853,-0.021812134493111923,-0.0016595609765936992,-0.018072366068360157,0.10133969004549526,0.404259
184,-0.37246827979465524,0.1929477989553482,0.250281486532397,0.06073605883790937,2.751788956383609,0.09001635796700466,-0.7824383378602926,9.152509627958251,0.004722811029460233,-0.025257814325795547,-8.640461535902588e-05,0.006022210933575689,0.030291988934604053,0.758066
185,-0.4745914514340246,-0.07047214227725324,0.23138785304317439,0.008571535919837218,2.7727469378695395,0.1639506806419394,-0.4864684332396907,9.110606615893786,0.012195831929960429,0.04540160908733437,0.011750786204058894,-0.08032635798970578,0.010305566760309137,-0.496774
186,-0.5090595080814411,-0.1503272304946081,0.22117608757868726,-0.01782829652366857,2.7955240689071377,0.20945917003827375,-0.16182625781825521,9.2108246543082,0.010503565942373958,0.012876705921019305,0.00560418697855658,-0.03243961827858133,-0.023448257818255325,-0.138378
187,-0.48950402652745834,-0.08838017653783725,0.2120283942810173,-0.03925694270985936,2.758987159489537,0.10213059133075075,0.07602485854837893,8.878513120811625,0.010336322470196863,-0.007416082408926883,0.0021497505282490614,0.06744445941962152,0.07789441854837875,-0.00186956
188,-0.45153895173860775,0.016641687434655522,0.20890906782268284,-0.04384898235776003,2.7638483237849316,0.11048030947073523,0.1684165996406799,7.895446402517982,0.007928303924552288,-0.018452401741135382,0.0006437731419328685,0.0063837793517134145,0.22916049964067975,-0.0607439
189,-0.397647248408769,0.15357771448579094,0.20628899142082846,-0.04678677592713202,2.7670005864821023,0.11359935904929466,0.5509825926772338,8.47354245882414,0.005742415938092235,-0.023083859978104027,0.0002673690266714601,0.010348047191678589,-0.13450340732276622,0.685486
190,-0.3511549813077183,0.26060913097677285,0.2087430537911074,-0.03666038360887068,2.83673980045888,0.2815323313825843,0.8897931594557829,8.747107746031794,0.005069190549807532,-0.022575683664326718,0.00015921780363203908,-0.08434952334779355,-0.06303184054421695,0.952825
191,-0.44076361291003624,0.011529933312999119,0.22493085822749398,0.008471438691597347,2.785120637375959,0.15126573318593511,1.2375676644836364,9.020875473377792,0.00824948032613315,0.04442863741344505,-0.008610316023049513,0.039043354293097465,-0.06244066231126011,-0.270788
192,-0.45392078150704057,-0.024129850462104037,0.23460421651393454,0.03297687956742878,2.7391751974649114,0.019958067903650956,1.527248690745683,8.967438116851472,0.009043301205080288,0.009195631493406964,-0.005703252053512298,0.06732960312122627,0.012465363950786568,-0.056013
193,-0.4278425467591151,0.04611129688759231,0.24287942646664903,0.05165286260552876,2.738226932536341,0.017706985801853134,1.8283583717464182,8.97812591839865,0.00810550233170047,-0.011379606781492413,-0.0032758281107674314,0.00662721042575809,-0.00272695504847853,0.260289
194,-0.3776246390870039,0.17424887599033337,0.24667695670117304,0.05710353403994263,2.733664133173038,0.011025848767985597,2.161643547914915,9.143569375287681,0.004803383875389755,-0.020845707296471172,-0.0012779232783639571,0.013606909229617159,-0.038366778879981744,0.629214
196,-0.4682107491242582,-0.13866359555784816,0.23202371289038168,-0.0014857544294151759,2.798118434720165,0.22503493559087176,2.8393498402262622,9.493445939462298,0.005129281039768289,0.03348880581041458,0.009880337295157027,-0.10469146036549715,-0.05451681336353076,-0.247726
197,-0.47878756856893284,-0.1555341518872352,0.21804023455195673,-0.039703188112364035,2.768847316487615,0.1248374484817948,3.118401664599272,9.32151205398337,0.005613628940371695,0.004855520260647506,0.0044940185233377505,0.04697965817812344,0.037201911009479005,-0.0603929
198,-0.45189063056475093,-0.07243103002063295,0.21021854041720564,-0.056323189256073686,2.7512596401101175,0.07306589687256865,-2.846227409900897,9.356379273889356,0.00398458399303091,-0.011851988527884938,0.0018979602529780593,0.0350646968842141,-0.008800756311103886,0.304166
199,-0.40655042677656233,0.048134867155006186,0.2052306648123052,-0.06401114676290333,2.737465924742367,0.04095750171069773,-2.550453775689298,9.28438005225693,0.00010286710478003488,-0.019662788286866295,0.0006801137825847015,0.028323796046881622,0.018199877900495043,0.572939
200,-0.3609004006550801,0.1578096036505946,0.20338608478383982,-0.06334306782644415,2.763538098071983,0.10554232565676339,-2.2606665070278735,9.194843391367462,0.0023698150650358677,-0.02268844772935852,0.0005696482823696059,-0.03017930441111316,0.022720146561919563,0.858206
201,-0.4652850623633735,-0.10381846741191403,0.2240534490071664,-0.007231690821299319,2.774162389287155,0.15216106272569394,-1.94930707459015,9.21776531420587,0.014278070031180331,0.04585079335827835,-0.008435361874490344,-0.07362168379142586,-0.005414747795253749,-0.373096
202,-0.4863597340088203,-0.14789855809602187,0.23451261752650543,0.019447901449206204,2.740843969883016,0.057721995426539524,-1.6719705089976487,9.077017214574825,0.014672122416242151,0.010478097128765462,-0.0059527744193039744,0.04843309174762833,0.03462381779724799,-0.135798
203,-0.4618118447898949,-0.07393733718936421,0.24178798787243502,0.036112500550489146,2.722935399439985,0.010219858102747878,-1.3444233362104387,9.196039467120746,0.014067881293143656,-0.011144485115706093,-0.0037753943653937583,0.0336002631370973,-0.02898800941554258,0.255361
204,-0.4137505537602866,0.05525548761664037,0.24669069881545103,0.045471867199716694,2.7231457617213652,0.0167462680892971,-1.0673331641765316,9.054351874499105,0.010478221245478399,-0.02224929064972292,-0.0018459065792835183,0.008069870721874928,0.03281616261836495,0.470647
205,-0.36081526848296025,0.18679409091370094,0.25162923592691955,0.054062268091540036,2.7626154235035187,0.11888966743803442,-0.7841548789914858,8.964121056588779,0.007848149824709976,-0.025585298008399704,-0.0002382150411603945,-0.04597171686252288,0.021160447803410865,0.765481
206,-0.4621434123819362,-0.08006894260144967,0.2311229840732353,-0.003231745786134131,2.762688996403891,0.13946905336026288,-0.47431501383826014,9.018641540580644,0.008962415354604257,0.0456060309735995,0.011295877602655047,-0.04248367363367045,-0.012035013838260333,-0.46228
207,-0.48980591745648366,-0.14442486153077147,0.21783572017295894,-0.037114289789488525,2.74359279868756,0.08021580653780418,-0.1787854339217234,8.994208145108859,0.00855012801600305,0.012547536370271839,0.0051059308055654284,0.028067965929372996,0.005951566078276738,-0.184737
208,-0.4736645713338897,-0.09008066885380721,0.21081900937937706,-0.05199255569758679,2.730366077870061,0.04084475564592026,0.10152860626533844,8.899437118045073,0.00814145803681625,-0.00784391715308752,0.0018648311512179383,0.027409083083786978,0.021635606265338225,0.079893
209,-0.43318693650739365,0.023930528109539356,0.20762311380329576,-0.0557695753087505,2.731028006513228,0.04462107997747308,0.4080569322164873,8.94734059959798,0.0053493402872833995,-0.018798376450838372,0.00044001283366768007,0.00847093721112957,-0.011346067783512659,0.419403
210,-0.3787284929466056,0.1654356984879284,0.20332310159270528,-0.06203604613475976,2.7134383709967724,0.005184992554550745,0.7355524038005297,9.089475017173392,0.0006492391951101739,-0.022275003579845798,0.00030004350748846775,0.03285026749518494,-0.03288659619947021,0.768439
211,-0.3314204521580654,0.2753576892095324,0.20319059811233336,-0.05712358211013832,2.7581417743286036,0.12107836536281294,1.02767174901658,9.036576912002392,0.00026245001783430544,-0.02126384601462039,0.0004032351193603567,-0.054744187258102706,0.01222174901658013,1.01545
212,-0.4255374326511088,0.012052742316801257,0.22305514768034024,-0.00010710442176390528,2.744311161889013,0.10007992712033206,1.3444048584472101,9.112594173650262,0.013504228916457873,0.04286271237833894,-0.008851304559617024,-0.0305342104132591,-0.017484468347686466,-0.208907
213,-0.4386544787609497,-0.02373913262149216,0.23401341169921083,0.02874917698650672,2.7218475679200838,0.03302392280726052,1.6123489823864885,8.938371473163045,0.013873086000633023,0.0075420560714958285,-0.005575854282502846,0.03177917327486757,0.04030510559159195,0.00124755
214,-0.41443307817344177,0.0426328168069566,0.24363813733675757,0.051457202473287805,2.7427711889073154,0.08579011829790131,1.8235702046558755,8.51608021022296,0.012948492593877897,-0.012443145695947955,-0.003187672713356182,-0.02324795630822818,0.09680087786097902,0.155973
215,-0.36446685192036776,0.17143022736509939,0.248484657885592,0.05968682059676956,2.753691616044743,0.11078926425586932,2.159640564465141,8.770088389960428,0.010789323931065933,-0.02184686373408118,-0.0012894981376105896,-0.003518218403967044,-0.05882276232975592,0.647667
216,-0.4695661332227221,-0.11075174953560718,0.229405582931166,0.004045962253446694,2.767687084304728,0.1691802094680517,2.5011053282585447,9.010460322837378,0.006685684042341392,0.047106233730281666,0.01113571308209993,-0.06018625550623424,-0.05479832533124851,-0.585689
217,-0.5058075185868116,-0.19602749723513774,0.21837792354339566,-0.025375096908840204,2.7715617539441326,0.16660673917147756,2.8307271801595286,9.15343690940446,0.005514382248205604,0.014446365778105097,0.005107976038065232,-0.005261903953229119,-0.03269147343026457,-0.278174
218,-0.492264864552031,-0.1432516317770411,0.21058907482127215,-0.043524204673216015,2.7461500727192902,0.0872039774389093,3.13256515856823,9.13750657079757,0.005350726916924957,-0.006218493167843064,0.0018772723189042217,0.04810863764813078,0.0035218049784369043,-0.0125493
219,-0.4543599074518906,-0.02982426756499376,0.2072641391881442,-0.048412145790406654,2.741016180093418,0.07259475734962935,-2.9531906906859215,8.615555654799515,0.0022749447259227808,-0.017825637610836775,0.00038619686360297223,0.018340195178148555,0.11972146290387142,0.0686805
220,-0.4022366322940652,0.10782408017680711,0.20328419726570227,-0.05453035373829598,2.726075811287374,0.01647893832730185,-2.3260452174219366,10.271054058564607,0.008584581994657914,-0.021065438193945685,4.1318449560900916e-05,0.04298051034489836,-0.38032989062704026,-0.374919
221,-0.3532642377081812,0.2290270218215479,0.20484516575670658,-0.045829102339380146,2.7864711426337285,0.18313767777365897,-2.1163448405591785,9.624929286266722,0.00232516092872213,-0.0230399251269362,0.0003182824156353625,-0.07902879023054377,0.14904381303061465,0.876204
222,-0.448853388091078,-0.04238113144660369,0.2245259871310137,0.010109915520916703,2.7733310502407345,0.1413493462977986,-1.8523732963483113,9.34843642414603,0.0028055855664926976,0.04611781790907754,-0.009436986358838606,0.00014040331343023738,0.06382403044658513,-0.345401
223,-0.470132171647636,-0.09526905708321665,0.23601421842464643,0.039639016496300264,2.740970845916279,0.04278586043840138,-1.5872717165880843,9.122066314703924,0.004213284542927486,0.011169777182185037,-0.006042069879696577,0.046755311192000715,0.05210131020681219,-0.0685767
224,-0.4432792769666448,-0.016273305005120822,0.24223037999043445,0.052688722793757116,2.703982093417304,-0.05539323686013242,-1.2620367093588318,9.225194567835013,0.0036576233831155792,-0.009932127832058768,-0.0036279813069097777,0.05875616653763904,-0.023902382563935287,0.332662
225,-0.3954139226979221,0.1119012360239016,0.2462799531634225,0.05878436099685646,2.694275877137477,-0.06983727239505969,-0.9747968480555045,9.12651013245215,0.00048737065798243545,-0.02029139518010048,-0.001482240153566572,0.01825313059113487,0.02253647873939224,0.573463
228,-0.45099209571030735,-0.10843482674222911,0.22379842351135595,-0.035750829557445594,2.68528490089336,-0.07019299318797423,-0.1281623937633145,8.807634036460376,0.0025290306966998036,0.01838594260068982,0.008477907904783422,-0.010753533678578897,0.03768860623668546,-0.165851
229,-0.44364249858510163,-0.07817194124092,0.21271543337799365,-0.06299955763947365,2.683338446396085,-0.06896051517903126,0.0900487791001865,8.49035801840183,0.0024843454518561118,-0.0040757286797088454,0.003628049418860968,0.0027137663323268946,0.0689782791001865,0.0210705
231,-0.37510411808523597,0.13217485948952248,0.20433151995230384,-0.07479359819509512,2.684738119564689,-0.04320525110612569,0.7412472000688797,8.856379290089256,0.0016105583014729857,-0.02679968834352886,0.0014146008758082473,0.0019327996168945205,-0.07011679993112008,0.811364
233,-0.4453551543126322,-0.08140175574076425,0.22295179049101413,-0.010056469816710156,2.6712158468940412,-0.06051907854026775,1.3461000056587125,8.916915226596684,0.004387865081644517,0.026291264367030998,-0.0076550285149714625,-0.014606170626784376,-0.011472321136184238,-0.213224
234,-0.44080122806585204,-0.06445483136943932,0.23341531636919383,0.015293782374945542,2.6528959724067516,-0.09854783196489364,1.607693210389776,8.779687244347516,0.00450776018351418,-0.0018193188004644867,-0.00489456307031233,0.020948929506489744,0.03717368559487966,-0.000276802
235,-0.40504981908785653,0.018430076878754684,0.240542943031411,0.029638760161798054,2.6654405775626437,-0.061903439553552014,1.915866295998569,8.839978063779876,0.002891637336510539,-0.017447543766108353,-0.002467956900829016,-0.015212147730862657,-0.018125030796327657,0.363195
236,-0.35495276875108367,0.12471790841514521,0.244623276814707,0.03618655134683956,2.682538154754296,-0.01695819599278932,2.2492848386021684,8.99742613012532,0.0001777490761454472,-0.023810099985340116,-0.0008281164542198738,-0.020537328136953636,-0.0463454881927281,0.724834
239,-0.400347923302454,-0.040174394341779746,0.22226536787323545,-0.03863952221280712,2.669876031609267,-0.04248295781738688,3.1140341932530635,8.838750244485968,0.0023554241365652414,0.01822930051205729,0.008400109383093657,0.00019902301476459883,0.02257393966327026,-0.0501324
240,-0.3957471316191,-0.0256565982546439,0.21349598688435853,-0.05675030041029808,2.695657496258566,0.021911958642655993,-2.8506416010754507,8.934901456278281,0.002221564294729192,-0.003932979024067862,0.003825610804814694,-0.031712484897126636,-0.023043947485657412,0.313995
241,-0.3653895428037901,0.04345467649980584,0.20762039285781933,-0.06547054909840754,2.7113266880701143,0.05671325299936382,-2.5210828825264584,9.059385188099286,0.0006946802274208658,-0.014624999413258788,0.0021236554783157224,-0.015111311795886984,-0.0355342289366658,0.656044
242,-0.33300413190127537,0.10833956635560205,0.20781468052118235,-0.06052653907528105,2.786190831275378,0.20823105438485012,-2.2186315452505223,9.061414884332097,0.00154607996789719,-0.018357058125899606,0.0012380989504694462,-0.09551225896187754,-0.0005558916607291131,0.923517
243,-0.43885208046583835,-0.11395617002440653,0.22886892081932864,-0.011589759045198891,2.7969190670245934,0.24038685090047696,-1.8599457913800952,9.301412193738143,0.014603815874937224,0.04774559203080653,-0.009130556334475681,-0.06887118149328808,-0.06738046458519875,-0.221769
244,-0.4567555840850125,-0.14531884614073592,0.23723881597950128,0.007497853551238522,2.7406074600839334,0.10130634589813556,-1.6029665394424895,9.06707896472857,0.015903203725928933,0.010982485636957584,-0.0062478128875143035,0.08933427908771696,0.06307478735240712,-0.095245
245,-0.4325202612231353,-0.0803494881173018,0.2432197014340448,0.020309025530777985,2.714145320598087,0.03716378805744705,-1.4552314621651272,8.361565004145028,0.015325057281375587,-0.010910773331488599,-0.0038296330260898515,0.04889872418022945,0.17982606462976936,-0.0642612
246,-0.3826264092633329,0.04050573558307448,0.24639263201354697,0.02605878219166833,2.704591646591465,0.016466193730714677,-1.0749575171261045,8.835886680342796,0.013342637950485823,-0.022192577482462283,-0.0017899810933439397,0.024957616006568983,-0.11802219033120798,0.613861
248,-0.47094363929723704,-0.21439203743028662,0.22606225347836204,-0.03758251632535529,2.7184978779484994,0.07026842027328262,-0.419411634091825,9.172717821632634,0.004135699112256107,0.03241904208134372,0.00940564750446038,-0.03617110262365886,-0.05404663409182486,-0.365365
249,-0.48458447425060897,-0.2312460260010338,0.2143572960024195,-0.06422689726312364,2.706806923470797,0.03482813378853103,-0.09802212856926484,9.244098606690581,0.004337417096045203,0.00369933507050213,0.003903912804366527,0.018052531128524674,-0.015826628569264756,-0.0821955
250,-0.46073209098746515,-0.15403313261855345,0.20962415429968334,-0.07046533190692643,2.705982697941984,0.03368992414238104,0.21367058894935775,9.259731797716103,0.002464287836784643,-0.013294173654716968,0.0009176290363108741,0.008578641401864484,-0.004004411050642087,0.217675
251,-0.4169838243050561,-0.036250971680841376,0.20707167694844253,-0.0709393833516338,2.709928968154652,0.04779211558943482,0.522151256778951,9.258821541917245,0.0016567808619281192,-0.02251586430737218,9.211344535220434e-05,0.00024096936541440073,0.00019625677895085403,0.521955
252,-0.36631818459740645,0.08871588044766006,0.20455398956201995,-0.07130967168507434,2.7208816622058953,0.07725602241650271,0.8326926422573262,9.267459089433,0.0025735678805565,-0.025690268196342902,0.00029543451533164955,-0.009547515314997312,-0.0021993577426737687,0.834892
254,-0.4366854761407073,-0.12781552622611786,0.225220405674581,0.0025268621181935985,2.71690208527542,0.06348095183147663,1.490476533220427,9.465524216900395,0.003635172366887187,0.027304377005697322,-0.009176436360167184,-0.014768085327608205,-0.033133693574469714,-0.0471861
255,-0.4268130984349386,-0.0921651742889083,0.23391117711054898,0.024926473548519866,2.661322567811108,-0.0829258363274966,1.8943805545056636,9.862510209056198,0.0041859425118394395,-0.001896899356364834,-0.005429704754788656,0.07716819502381744,-0.09009277228923285,0.413677
256,-0.3853763701695641,0.01811372302077016,0.23837364628865398,0.03382162901061123,2.628278773279512,-0.14869032982507785,2.1843784195513924,9.692920325058342,0.0005416421651738392,-0.016921822468899173,-0.0027440300804939532,0.04642441523022267,0.042749092756495966,0.570833
257,-0.336805756446012,0.1337004839321937,0.24231457526475297,0.04046397005356822,2.6457549511150336,-0.0917776163823389,2.4406746889828312,9.397501804627678,0.002028483370672279,-0.023897199736241603,-0.0005040380999052907,-0.025995467299890773,0.07668036218793484,0.793198
258,-0.4465630551713118,-0.12352197089121436,0.22761909641799175,0.002097838819058874,2.6970469629896594,0.06718508454229248,2.720361079311215,9.24611963862483,0.01740626382732356,0.04551317842160163,0.01154666721844233,-0.14366549655053173,0.03887342572142094,-0.460105
259,-0.48088771875326264,-0.1946289759079951,0.21845036656745379,-0.02020126327369097,2.7235731167145936,0.12734857728511667,3.024312263576398,9.226666436475789,0.015479399788523321,0.011641871540234217,0.005385934920983271,-0.042260373411680874,0.00560960998660498,-0.12289
260,-0.4652151313650112,-0.14044999883807047,0.211368838999853,-0.035694893132720285,2.711779318750602,0.09027230424211768,-3.0379069216261763,8.819680743749613,0.01499209761475417,-0.008849574372345792,0.002187225092607381,0.028472681774177833,0.09876278196361676,0.00492295
261,-0.42653117270203217,-0.03226583359715336,0.20883312953465188,-0.039029907030041215,2.725544102470764,0.12056352170795322,-2.7675064057081626,8.707150587833873,0.01263190836024126,-0.020217150561739672,0.0007634167000474257,-0.006624643324202317,0.02639624788163042,0.34769
262,-0.37181848408136103,0.10880245837192713,0.20482243471979883,-0.04567614482550296,2.712527963784311,0.08694255176573931,-2.442526226798004,8.87344089821316,0.008451971675106355,-0.023716319482069537,0.00045416555490485067,0.03166556836395262,-0.039809573208210214,0.738876
263,-0.32864298108251877,0.2082545207602034,0.20739857068303738,-0.0356785359175769,2.7993188253202255,0.2916843003859576,-2.1601999946594774,8.808498405629972,0.009436779368735333,-0.022676038434389145,0.0007113700510514853,-0.10869643022537812,0.015683658930316202,0.965709
264,-0.42362413064448756,-0.04209626402395805,0.225638694959672,0.013797480704516002,2.7493237712732,0.16555996708860982,-1.8502379949067522,8.888383055827983,0.00340281225294309,0.04490987381454259,-0.009888206448954495,0.04956062687884266,-0.017059668111855775,-0.262382
265,-0.43998027945366985,-0.08103049599855056,0.2370207233779698,0.04186912093333284,2.708165596521786,0.04727655598852204,-1.5671556388328491,8.824453919129427,0.0042265879135498785,0.00953990518951553,-0.0062925465807821546,0.0612984101285865,0.01479348796204727,-0.0111528
266,-0.41493044132494616,-0.009335563208950001,0.245037889296097,0.058941266955499075,2.697490971397313,0.017844718429409514,-1.2851347561122197,8.765474779465306,0.0035123623353526473,-0.011075444234654785,-0.0034484696807086657,0.02184774007454937,0.01346757068267701,0.272194
267,-0.36334098666848974,0.1266139133676626,0.2461662025336299,0.05693228207935031,2.66494452394371,-0.05940671223502275,-0.9367071779346507,9.038972271345393,4.8360287177158685e-05,-0.02025692348255781,-0.0010973930062005977,0.05311672383004007,-0.06320185113975407,0.697291
268,-0.4746633646129833,-0.16286971078800355,0.23174830742269198,0.014133060438467814,2.735368446271914,0.15372338974441632,-0.6083671939096202,9.1712103146737,0.016400180638658002,0.04848197032689727,0.012132104088328433,-0.1656890697112292,-0.030652193909620262,-0.577715
269,-0.5163560037448078,-0.2565823246013629,0.22201411510046998,-0.012633301728647652,2.7636738608674234,0.2152858500002102,-0.2805620451954387,9.279028557731447,0.014901456642488622,0.014400756170653395,0.005745786515523044,-0.04123695609255629,-0.024065045195438728,-0.256497
270,-0.4989341236313708,-0.18882483199656871,0.21241726084057141,-0.03637466119102861,2.7197686262391,0.08539523365653126,-0.02899122027056844,8.997986596239027,0.014699329881625946,-0.007239482459935331,0.0021115911786213637,0.07773580872492625,0.06406527972943143,-0.0930565
271,-0.4548832141629778,-0.05580043425010481,0.2075304613593066,-0.04582849170549316,2.6897014303347175,0.00749725864825293,0.1207591737617526,8.266410790582455,0.011535237469060057,-0.01921124261673457,0.00027600916423553556,0.055272814856439645,0.16726707376175254,-0.0465079
272,-0.3986397994160828,0.09749449327362153,0.20517414947251614,-0.04796461580570101,2.688293589510079,0.010010268251989942,0.490785918308708,8.726053683513738,0.008225756199870388,-0.02441060919938165,7.409496029930907e-05,0.011958926169667983,-0.10615408169129203,0.59694
273,-0.34776330304792236,0.22381062362098592,0.20658613390410674,-0.04022917989074585,2.7387403601544307,0.14362122379125253,0.8175144242632553,8.90041911232241,0.0059019958777028125,-0.024267757366502885,0.0001334520756492985,-0.062298816765783194,-0.039885575736744894,0.8574
275,-0.4108950356822051,-0.019193949710617664,0.22616802538908085,0.03038872980838287,2.695158068239087,-0.0053153622744215034,1.4407628648754525,9.054192452409882,5.404006937345315e-07,0.029079230434934544,-0.009071443258813705,0.0445045943770519,-0.0234624619194439,-0.106571
276,-0.4054881653642587,-0.002934505281195047,0.23765433075514764,0.05953328941948362,2.664725310987162,-0.08767132434872832,1.789908946925249,9.27204172597213,0.0002866188972762935,-0.0005178557039409171,-0.00513120920812371,0.03846066069695642,-0.04710737986964775,0.26622
277,-0.36720000351604215,0.0973086300283957,0.24317989362281944,0.06870749118272129,2.6509048614541024,-0.11082604179802746,2.104082387438149,9.294740691931123,0.0020590903184787663,-0.01633949966207071,-0.001894463399355395,0.01606602887486064,-0.005580939356747194,0.538867
280,-0.4304364742208356,-0.12942726934490467,0.22412075675245566,-0.013413098245441027,2.6557351296270717,-0.054971018665714515,3.0157081882851937,9.213422580430812,0.00173391915201674,0.020020743926971285,0.008446572610281144,-0.027366760010369084,0.010939534695400432,-0.136824
281,-0.4276642574085888,-0.11082662276099245,0.2147358039145521,-0.03672702373469206,2.667276012178281,-0.020342093065735395,-3.0114576750751016,9.00747443116644,0.0015685687822055044,-0.003527924009988581,0.003806999531080102,-0.01355347906242299,0.04821837851469146,0.0819166
282,-0.3931472620686896,-0.02041001313700759,0.20847079201032867,-0.04847428048259848,2.6619469816505177,-0.02753227980842445,-2.6810717089758214,9.125715941439081,0.0004956916675631503,-0.01604171902259921,0.0018441414538599155,0.011620304514373903,-0.033505055386028104,0.494026
283,-0.3540721012693119,0.06897579100275662,0.20768005449526314,-0.046657737962052796,2.7084697969306766,0.08005938144954322,-2.3887131587107002,9.078062893976181,0.0010963734584753038,-0.021511740865637563,0.0011189468787975443,-0.060145025893143966,0.013916494879092856,0.738963
285,-0.4325188733829853,-0.14883287863618888,0.22720709299462813,0.01465339317764703,2.6858381998740857,0.02200255751810145,-1.7700522843476543,9.140705514940144,0.006979472023362911,0.03150675558231031,-0.008618140252591111,-0.0012471909097642175,-0.011842957552758104,-0.187413
286,-0.43235119061408395,-0.1371247416585789,0.236820062562956,0.03669670131884482,2.6447499113810284,-0.07738068256374964,-1.5576182076410232,8.746156553422582,0.00754193042312846,0.0006841023568391336,-0.00520717699579043,0.05551265044284959,0.09717081915387338,-0.0839927
287,-0.40201047154591457,-0.05678799391146168,0.24553661153149542,0.05370509220118176,2.6621330857627443,-0.0303254422202903,-1.2428679240717375,8.844598078491757,0.006199372491440683,-0.01642820760435848,-0.0026715888723587433,-0.021591692299526066,-0.02660559727684131,0.354534
288,-0.34955890222443164,0.0680475191633288,0.24737190591693137,0.05385558181266317,2.649904114663427,-0.04793164656124475,-0.8934585185965336,9.081151339443688,0.0019150916248760978,-0.023567989005696344,-0.0006546757050114316,0.02217661225795231,-0.06383319180163705,0.741171
289,-0.4561908311720707,-0.16709482711638526,0.2310925966960555,0.012676485790041034,2.6960487181606974,0.08560353618673881,-0.5611730330329574,9.213925363367935,0.015100413810319872,0.047344043080178366,0.012196980136278235,-0.13090045532765782,-0.03494303303295743,-0.52623
290,-0.4920014572424777,-0.23624886078682594,0.21981519874344504,-0.014381528033589133,2.7072701171920515,0.1060990755348919,-0.24147163760465906,9.271836409443711,0.014031257669471529,0.013048586527813821,0.0059049951785170585,-0.01909010207379147,-0.014003637604659058,-0.227468
291,-0.4772995544486186,-0.18279706848046778,0.21276988617177484,-0.029728422289336642,2.6890871987617437,0.05757877854564338,0.02374660145191987,9.066617267492454,0.013341949001994813,-0.008367878103743731,0.0020502729296527633,0.03654675849562361,0.05000870145191971,-0.0262621
292,-0.4337548293029728,-0.06222797225924437,0.20859302920555725,-0.03726784912534788,2.674148986963119,0.024971572565813754,0.3360867078466425,9.114373708773886,0.009695316525435276,-0.020404844921569243,0.0006364314022642148,0.03232374151378581,-0.012212292153357396,0.348299
293,-0.3766746999481666,0.08434611744906872,0.20453846913243576,-0.04399435488487873,2.650941314342654,-0.021173954841333643,0.6690646417349475,9.253718844928937,0.0038102718352695754,-0.024332983463121405,0.0002769911330986474,0.040492021570180725,-0.03341735826505232,0.702482
294,-0.3273907458557415,0.20073097143958318,0.20483926406167757,-0.039779732350779695,2.6941989337746794,0.08904626040532287,0.9627065949644047,9.182075507073444,0.0018105886558069696,-0.023600836986390483,0.0004949548859394248,-0.05461780974232022,0.01693459496440486,0.945772
295,-0.4237431560623792,-0.05008984173245662,0.22360639079066227,0.010629545224375647,2.6783786617695973,0.06831296828088869,1.2725042624922267,9.20088130268304,0.012702073626833402,0.04384982329614395,-0.008183864528839013,-0.029106870817234398,-0.004228064302669754,-0.294064
296,-0.4417218654091355,-0.09139206205610348,0.23633245590362825,0.042031115650781235,2.671625588619462,0.0462193328790789,1.5952276317937875,9.278866306752432,0.012487635357144382,0.007676021564082092,-0.005657068185610736,0.007190307580548616,-0.017719395001109195,0.0421507
297,-0.4172950588519242,-0.020568045454244815,0.2434517558324316,0.056744280765790744,2.6569397463959588,0.007780401669815307,1.763501673255755,8.593435491360834,0.011455296117622762,-0.011071202544723935,-0.0032533600037401023,0.027566168635420052,0.15769454646085812,0.0350108
298,-0.38218749872675584,0.07290680753520348,0.24798823838513287,0.06357826661293131,2.6572479739279644,0.011264676828766798,1.759473367271374,7.180302321903051,0.009722190196582235,-0.016322463784158803,-0.0013665174130634838,0.007149741158417822,0.32517004047647724,-0.136493
299,-0.3459096210870144,0.16078898113342016,0.25034869951668887,0.06421665233440071,2.6599143912973964,0.018377326534161135,2.0518912151939777,7.438447305575992,0.009152574742347812,-0.014756022407930391,-0.0001932835011144718,0.0028976066466035455,-0.05968411160091902,0.540779
300,-0.32095371671091355,0.21244503978514653,0.2519651933984324,0.06282981444583054,2.667537002985835,0.03788442491270543,2.2274701261981456,7.086114831741749,0.008273908576841994,-0.009226402687493085,0.00042574417364393824,-0.006796068179954151,0.08096779940324872,0.575706
302,-0.3091625131579831,0.20647886747477037,0.2522717075990973,0.05083164564882525,2.653796368952965,-0.009708609806582683,2.371836077879875,5.4069266100442785,0.007485926581481818,0.001138673295329351,0.0008277089471810939,0.019421604883367305,0.2620707510849787,0.538969
303,-0.31597206707564174,0.16900910496787241,0.25155142968573,0.04420061539982335,2.6490030025213285,-0.022262114998411214,2.281001080471065,4.16085494660961,0.007634433966078338,0.0055875354996035576,0.0008094661099882217,0.005334797377564371,0.2696757536761685,0.440529
304,-0.33160691444888574,0.11479633079843607,0.25162050241482814,0.040594612869566254,2.646709874556657,-0.025861830124931342,2.179875121679852,3.0949925001367524,0.007422175884153495,0.008784088399845569,0.0005938962371669909,-4.919002798997596e-05,0.26257379488495536,0.346505
305,-0.35034183882596953,0.05868786745557426,0.2486371317012529,0.029892430385738814,2.6186945922529836,-0.09243606371331767,2.139426592249766,2.4540153181288806,0.007471941404879736,0.010963416137844018,0.0008538350488467294,0.03460205683363471,0.1633722654548695,0.405258
306,-0.37834936754813847,-0.014513500815296045,0.24744488532504597,0.02449425072487649,2.6089737173889582,-0.10740327516198278,1.930780463667963,1.1320377511520368,0.006763409815462043,0.01271573078338184,0.0008090448263016192,0.004767719387759328,0.3343283368730665,0.0256558
307,-0.4120140141391223,-0.09465756391638808,0.24687390154950434,0.021040829197910508,2.6044231503107693,-0.10658091262110034,1.7480319808445746,0.11038449323257948,0.004788780632628196,0.013396822240980821,0.0007752677872230329,-0.005820441457211167,0.2536137540496779,-0.0763781
308,-0.45101418712972485,-0.1808343953415986,0.24732426548376557,0.02029649255300167,2.6164800168081763,-0.06338602627520107,1.5942772448207592,-0.6306875755333009,0.0016035828674346624,0.013312428167738144,0.0010578140049579687,-0.03222504150725092,0.1802059180258624,-0.156725
309,-0.49742101159216917,-0.2782462165632883,0.25059099337355295,0.026468834684758632,2.6666087988502447,0.0717351891122801,1.466283552611931,-1.1400502563224317,0.00254579848528936,0.012640595237383145,0.001595788074548743,-0.09213088335564867,0.12142922581703441,-0.225942
310,-0.5432385214879362,-0.368147388919253,0.25259742937893814,0.02901830972839903,2.7132353499265363,0.18586243098293173,1.3051308283456624,-1.7314911395957038,0.0003396159880689788,0.01212919344449137,0.0017372809645923581,-0.07506792514449101,0.1394435015507658,-0.405109
312,-0.43921813448343316,0.04313743468020992,0.22975666458116517,-0.04726672134640113,2.7105495328166938,0.18765105882385147,0.9704438902815529,-2.8476175864591937,0.01867160324078931,-0.05983671201429086,0.008659354121706375,0.021961513463834237,0.17684189028155295,0.793602
313,-0.3809965791288971,0.19922125528851875,0.21877628630624513,-0.07282929161857725,2.7281961441492792,0.22422225130137738,0.7328991908984763,-3.5020815874698927,0.015746865966189866,-0.02408653020097251,0.0038699066731262555,-0.0027307648543319907,0.14196619089847617,0.590933
314,-0.36356166121012906,0.2263854618663991,0.21213561492035363,-0.08347437943038846,2.7293500213165522,0.20800610132174235,0.507250095671905,-3.98605036464512,0.016032573841367168,-0.004197006077816479,0.0015012469686350727,0.011899378338620092,0.1194880956719051,0.387762
315,-0.36888833098171175,0.19491535345826627,0.20858544355369568,-0.08534182728732509,2.7240397985651907,0.17840034913075406,0.18997371509761551,-4.809292089039785,0.01594781250364138,0.005875859761203639,-5.003520090873792e-05,0.01604915946335872,0.2104526150976156,-0.0204789
316,-0.37845164337639103,0.1558126458913922,0.204551374931291,-0.0881463959831646,2.695737425166574,0.09659818144970049,0.005534007699970367,-4.917566134044332,0.015627338506753845,0.008750343545588901,-0.0005250353753827319,0.044708804769438615,0.027779207699970332,-0.0222452
317,-0.38965619197458146,0.1162107529638915,0.20275536894107907,-0.08533303259413065,2.6862272186512346,0.06803603373322546,-0.06491317783328387,-4.485077536898316,0.014439942902681531,0.007944892239920343,-0.0007970289734435809,0.0129291414078323,-0.10702717783328408,0.042114
318,-0.3976102856260035,0.08701874993178868,0.20195147612729755,-0.08027967915856274,2.6801354019839025,0.0487521490275374,-0.09554347522594497,-3.9260092605150256,0.013870560129242808,0.005996581819229796,-0.0010917256611020498,0.008380986817304148,-0.13568917522594504,0.0401457
319,-0.39984242405470005,0.07348733957855011,0.2014673043386742,-0.07476121796229816,2.6732712382409916,0.028008240421498944,0.033877319677854345,-2.684171787574077,0.013810065281699997,0.0035429989163415776,-0.0012237224088811338,0.01099369913534165,-0.2960836803221456,0.329961
320,-0.40157313567784153,0.06270037332037592,0.20106072542028164,-0.06948207308764022,2.6675642741778525,0.011283693948367108,-0.004314508584336796,-2.4382730267485417,0.01397610290746835,0.002381718816848899,-0.0011113496940189371,0.008443591117475613,-0.057886608584336585,0.0535721
321,-0.4035670727814261,0.052195065244394837,0.20146609617990172,-0.0625868538909041,2.6734894892834697,0.024909101149912176,-0.030713775089138196,-2.1737098915043034,0.014012469904055065,0.0015666817810675582,-0.0009978586723029537,-0.008801066402293056,-0.061752275089138386,0.0310385
322,-0.40441839696564513,0.04539118650377681,0.2019055664221701,-0.05610199114763433,2.6760027662016936,0.029011061795663214,-0.04396586469474517,-1.8860580972195524,0.014032027873558284,0.0011857176245397838,-0.001046097159030257,-0.003113324816302221,-0.06667126469474516,0.0227054
323,-0.4033247850167655,0.043913515808371016,0.20222528065544806,-0.05045651077499823,2.677444058367349,0.030111129886394177,0.05475109813264023,-1.1019750945463485,0.014041321090273017,0.000607868732494854,-0.0009465867609317336,-0.0008465961960730795,-0.18130990186735962,0.236061
324,-0.4025432699685381,0.04188662506625484,0.20250834670639722,-0.04536329068980838,2.6782442257589363,0.02946551298919063,0.12081606173484793,-0.6025367231446754,0.014082601077546613,0.0006005898481924454,-0.0008657640815430412,2.530370338371668e-05,-0.11524493826515192,0.236061
325,-0.40597019429446757,0.029449433876733412,0.20465595398965733,-0.0359324317554675,2.701158365145393,0.08464079744035899,0.11590451002532287,-0.5287946951031324,0.014284116059606345,0.000709704036413239,-0.0008849863611426478,-0.031442127522228525,-0.016881489974676978,0.132786
326,-0.4042407937473401,0.031151170512766467,0.20416996994966677,-0.03401691366523066,2.6930656427930075,0.056883839354163954,0.16326163799341842,-0.2122251812688571,0.014252944609642075,0.0005711272851716132,-0.0006674188566444528,0.015026667562786145,-0.07279936200658144,0.236061
327,-0.4031219603475029,0.031215825037891214,0.2039194906432913,-0.03167489161106194,2.687757385094666,0.038532083998792994,0.19386627771832776,-0.028836275886306634,0.014232633180365651,0.000535559807228303,-0.0006139050723463768,0.009766793132504947,-0.04219472228167209,0.236061
328,-0.40241551626866884,0.030254982476456693,0.20380756060831484,-0.029180656005566914,2.6842838602860186,0.026374869106232983,0.21326083736170043,0.07026006232725543,0.014223910352984757,0.000506446487751333,-0.0005597236255798776,0.006331796378507892,-0.022800162638299426,0.236061
329,-0.40198472622552517,0.028681112670792056,0.20377766390646435,-0.026681865678009835,2.682014265892052,0.01829001910855576,0.22526082233740174,0.11728624835571733,0.014222138474865621,0.0004793033111019085,-0.0005083191703518786,0.004090732511807804,-0.01080017766259811,0.236061
330,-0.40174108502836164,0.026782968748102567,0.20379932215946608,-0.024276227981130664,2.6805298664179658,0.012903938742866536,0.23242111832681855,0.1331390457406383,0.014222932345610364,0.00045080889344273345,-0.00045949576645210044,0.002629371506156275,-0.0036398816731813,0.236061
331,-0.40161892377117253,0.02474361051890966,0.20384871257698264,-0.02200904288960724,2.6795589167121365,0.00929207025264801,0.23648280210496786,0.1313347711959284,0.014223734282436964,0.00042156195660147944,-0.0004146078554749799,0.0016784957833952951,0.0004218021049680054,0.236061
332,-0.4015743429953935,0.02267684285129494,0.20391169839144324,-0.019897249641074498,2.678922647315799,0.006844807520175309,0.23860298744341213,0.1203011072570738,0.014223564744130156,0.0003921328230545029,-0.0003739694792614934,0.0010608504507159111,0.0025419874434122747,0.236061
333,-0.40158117252163217,0.020666687230715675,0.2039825893550154,-0.017956860054894348,2.6785038874158325,0.005171739001446563,0.2395226927831935,0.10527985530389702,0.014222376036845768,0.00036196745957051135,-0.0003364623213575335,0.000660448454134599,0.0034616927831936373,0.236061
334,-0.40161751217093966,0.01875683988035384,0.2040543908913198,-0.016184811580876646,2.6782276340060114,0.004010856873196645,0.23974476707647563,0.08929841250591714,0.014220467786382307,0.00033242133862687595,-0.0003025811421397684,0.00040193349548856006,0.0036837670764757746,0.236061
335,-0.4016482470076547,0.017026162735906573,0.2042883551218027,-0.014139374674207006,2.6779917180709485,0.0030547756755519655,0.24108676210069158,0.08136002502929957,0.01421821404144426,0.0003017627042520843,-0.000345130705029284,0.00029097855923909677,0.0018337621006914162,0.239253
336,-0.40171418622821814,0.015353901902044368,0.20428634260030087,-0.012893535189267138,2.6778893783202817,0.0025239300665502256,0.24015261812463562,0.06357649579433386,0.014216096403057887,0.0002767179187026514,-0.00020823344742337824,0.00010672099516906286,0.004091618124635765,0.236061
337,-0.40200511257324534,0.013258103013874069,0.2041982407333989,-0.01199426829794983,2.678835874672422,0.004745852203009304,0.2335315020931663,0.021033881686221674,0.014213190117668221,0.0002665339714780224,-0.00011719866336301621,-0.0013660618946134129,0.009791502093166482,0.22374
338,-0.40150480240381253,0.013387548272757349,0.2038958123388946,-0.011712930956470118,2.6734736453831696,-0.009514150951395696,0.227912975589057,-0.009749431392741113,0.014215571395002175,0.00031593097513127333,-0.00022165386229833217,0.007618105649840778,0.0070599755890570215,0.220853
339,-0.4022787578992469,0.01018056457614873,0.2039948803589415,-0.010427302666674626,2.676082482551956,-0.0019431756309969848,0.22598019164771177,-0.017558117576469738,0.014206790303558516,0.0003302234510229596,-0.00011205331065156088,-0.004338481605258071,0.0018191916477117154,0.224161
340,-0.40390688380759826,0.0052032658830131785,0.20423893583181,-0.008866023816119204,2.677104114902721,0.0008253533251928115,0.12976236777390726,-0.48322739336892073,0.014196776910975433,0.00053088639926413,-0.00022138898340706703,-0.0016191423093938617,0.10705696777390727,0.0227054
341,-0.4049586168844518,0.0019127014542178375,0.2046810164656381,-0.0069447711266334795,2.684029290153316,0.018818966761268603,0.16933783641389155,-0.21214610367351783,0.01412124976402098,0.00021927769524010543,-8.499921973603719e-05,-0.010073707379984587,-0.062303163586108656,0.231641
342,-0.41187006507217444,-0.01620958523667791,0.20827053177914784,0.002999252239498364,2.7259842175249185,0.12575293498689047,0.1463339847848344,-0.28953559484870545,0.014041075090834418,0.00026350215000503496,-0.00029078024901174615,-0.05872874688529883,0.017960984784834544,0.128373
343,-0.40996163372514854,-0.009954203778142219,0.2072498430531174,9.836457060981903e-05,2.7149781051925785,0.08643812027156955,0.18147400219229404,-0.07152658842649445,0.014082728702434412,6.259682843046122e-05,-1.7225177547430803e-05,0.021471323603305503,-0.05016699780770617,0.231641
344,-0.40849215200357275,-0.005324701759283499,0.20671996980921012,-0.0012660342855720583,2.706992105820859,0.05842920980876813,0.20971934934986436,0.07756296466677173,0.014065889699037179,1.3167673299729898e-05,-0.00012741993791731687,0.015278826600789941,-0.03433265065013558,0.244052
345,-0.4076787852283193,-0.002757061265171741,0.20626590562429975,-0.0023288884865544004,2.7025256904074855,0.04192842748876596,0.22141243684065115,0.1219031225062632,0.014041379380726261,1.2649918901264101e-05,-3.250544680222234e-05,0.00901108995945421,-0.010228563159349058,0.231641
346,-0.4059357046109833,0.0020314370767386364,0.20565468429468617,-0.0036954073918608237,2.6930343931145946,0.013873766516130624,0.23178831971249458,0.1525783957849142,0.01400081632023872,-6.879802846038174e-05,-0.00012824311499537444,0.015337969759683379,-0.007101680287505463,0.23889
347,-0.40481988909332967,0.004768392716870492,0.20526559312373766,-0.0043720068373029,2.6869595684469356,-0.0029659603969516245,0.23780883180280066,0.1571302709771334,0.013979882235661396,-2.5946332466109112e-05,-0.00010050319432952648,0.009203562914383845,-0.0010811681971993892,0.23889
348,-0.4043266822211869,0.005603826070991686,0.20533006926688488,-0.00380682048810833,2.684671647090421,-0.00860338367994912,0.25943531797325825,0.2369512701519373,0.013974688331120488,4.0430370415567296e-05,-0.00016215537114527834,0.0030011814575452433,-0.018362682026741517,0.277798
349,-0.40497363000705155,0.0034517974517352702,0.20538933881915586,-0.0033294888785793935,2.688208176091799,0.0012368008342521185,0.25050413668462124,0.15490259080371643,0.013990334076732192,6.948547664320515e-05,4.5556063095641974e-05,-0.0053745526023072365,0.01886313668462103,0.231641
350,-0.4054090198793428,0.0020342087535088573,0.2054422226149639,-0.002905427426011395,2.690455613886481,0.006925410462837893,0.24433299295185673,0.09974438117475447,0.013992362505085265,6.492203837993316e-05,2.204770938263323e-06,-0.003125008984269151,0.012691992951856523,0.231641
