frame_id,predicted_x,observed_x,error_x,predicted_z,observed_z,error_z,predicted_yaw,observed_yaw,error_yaw,predicted_distance,observed_distance,error_distance
1,-0.537936,-0.537936,0.0,2.82332,2.82332,0.0,-0.1882764519121075,-0.188276,-4.519121077350974e-07,2.8812371896759905,2.88124,-2.810324009505649e-06
2,-0.537936,-0.535484,-0.0024520000000000097,2.82332,2.81268,0.010639999999999983,-0.1882764519121075,-0.188131,-0.0001454519121075748,2.8812371896759905,2.8703,0.010937189675990666
3,-0.5364719968844764,-0.53856,0.0020880031155235956,2.8169672295476462,2.83374,-0.016772770452353924,-0.1881895817584373,-0.187813,-0.0003765817584371334,2.8747070261339616,2.8916,-0.016892973866038385
4,-0.5374847995497972,-0.536288,-0.001196799549797234,2.825564078300702,2.82317,0.0023940783007017075,-0.18797632217487395,-0.187723,-0.00025332217487417097,2.8833582402581492,2.88078,0.0025782402581491226
5,-0.5368802081457658,-0.533532,-0.003348208145765752,2.8251254864912974,2.80841,0.016715486491297504,-0.18779828436442822,-0.187739,-5.928436442825813e-05,2.8828157484439942,2.8657,0.017115748443994327
6,-0.5349893472831958,-0.531723,-0.0032663472831958584,2.8166503002642025,2.80115,0.015500300264202682,-0.18770225084498626,-0.187591,-0.00011125084498608828,2.8741006715775543,2.85821,0.015890671577554194
7,-0.5328772967417185,-0.534782,0.0019047032582815149,2.8074980634451463,2.8176,-0.010101936554853808,-0.18757377761137808,-0.187569,-4.777611378070645e-06,2.864683464166076,2.87505,-0.010366535833923773
8,-0.533181763655742,-0.535963,0.0027812363442579757,2.8103523183444112,2.83016,-0.01980768165558855,-0.187492279842627,-0.187159,-0.0003332798426272099,2.867576737560549,2.88763,-0.020053262439450936
9,-0.5340051782232462,-0.533698,-0.00030717822324621835,2.818399375017234,2.83339,-0.014990624982766043,-0.18725140740648252,-0.186179,-0.0010724074064825118,2.875672809149625,2.89033,-0.014657190850375201
10,-0.5335250221855924,-0.517374,-0.01615102218559239,2.825057471902185,2.81071,0.014347471902185216,-0.1866561967692915,-0.182035,-0.004621196769291291,2.882123086057645,2.86504,0.01708308605764497
11,-0.5260774576865476,-0.503345,-0.022732457686547525,2.8193667248444765,2.83696,-0.017593275155523447,-0.1844727625037659,-0.175597,-0.008875762503766094,2.875148829263815,2.8886,-0.013451170736184626
12,-0.5153546706356001,-0.471789,-0.04356567063560013,2.8266855153882693,2.7927,0.03398551538826933,-0.18033694594297356,-0.167356,-0.012980945942973499,2.880490990680823,2.83934,0.041150990680823174
13,-0.4955393145177973,-0.459509,-0.03603031451779731,2.8135496013477783,2.89196,-0.07841039865222177,-0.1743380247964167,-0.157574,-0.0167640247964167,2.864016279705976,2.93563,-0.07161372029402413
14,-0.477583406225745,-0.420545,-0.05703840622574502,2.8437388473051874,2.84654,-0.0028011526948126253,-0.1663893591948184,-0.146678,-0.019711359194818368,2.8908179093929447,2.88464,0.006177909392944603
15,-0.4507600663211297,-0.400014,-0.05074606632112971,2.8468643497141817,2.92518,-0.07831565028581844,-0.15703201852030596,-0.135906,-0.021126018520305934,2.889577347080327,2.95974,-0.07016265291967283
16,-0.4250457384367552,-0.376983,-0.04806273843675518,2.8781976984496493,2.98303,-0.1048323015503505,-0.14661802100555338,-0.125709,-0.020909021005553363,2.9167051510556186,3.01417,-0.09746484894438145
18,-0.38979036672085904,-0.62649,0.23669963327914095,2.927884353974999,2.84628,0.08160435397499866,-0.13235212208325162,-0.216653,0.08430087791674845,2.9610807143873625,2.92486,0.03622071438736274
19,-0.4744347221054487,-0.556802,0.08236727789455134,2.9025222960623283,2.7463,0.15622229606232807,-0.16202318104701768,-0.200035,0.038011818952982335,2.9495857848383573,2.81242,0.1371657848383574
20,-0.5026511387178939,-0.506238,0.0035868612821060575,2.848843543879207,2.76625,0.08259354387920714,-0.17464293742707926,-0.181002,0.006359062572920848,2.9021090623883947,2.82266,0.07944906238839478
21,-0.5034151721643806,-0.463135,-0.04028017216438057,2.8200930464687377,2.84295,-0.02285695353126238,-0.1766494497043475,-0.161488,-0.015161449704347518,2.8745124198585605,2.89132,-0.01680758014143935
23,-0.48774679157529266,-0.360782,-0.12696479157529267,2.8265265620042004,2.84814,-0.02161343799579951,-0.1708776641453481,-0.126002,-0.04487566414534827,2.878895207850615,2.88148,-0.0025847921493848958
26,-0.43147334770467344,-0.555035,0.12356165229532651,2.833891442278528,2.78447,0.04942144227852818,-0.15109431992064876,-0.196754,0.04565968007935117,2.877780810554712,2.84612,0.031660810554711816
27,-0.4786311278322287,-0.509258,0.03062687216777127,2.813367941043039,2.83811,-0.02474205895696091,-0.168514029565642,-0.177546,0.009031970434357994,2.8632937882509673,2.89054,-0.027246211749032856
28,-0.48911005151170495,-0.470665,-0.018445051511704946,2.8212888445447657,2.94244,-0.12115115545523425,-0.1716578859188618,-0.158614,-0.013043885918861964,2.872018829537732,2.98721,-0.11519117046226812
29,-0.48236151145600414,-0.402075,-0.08028651145600413,2.8627065589666034,2.83943,0.0232765589666033,-0.1669303857570415,-0.140669,-0.02626138575704129,2.911275466959617,2.8748,0.03647546695961701
30,-0.4549253780610764,-0.377218,-0.07770737806107642,2.8561276186675273,2.97393,-0.1178023813324729,-0.157953623486755,-0.126168,-0.031785623486754844,2.8999570718833776,3.00491,-0.1049529281166226
31,-0.4279185193755484,-0.657793,0.22987448062445154,2.895230864851823,2.86552,0.029710864851822727,-0.14673881547807274,-0.225645,0.07890618452192744,2.9342786030481465,2.95071,-0.016431396951853472
32,-0.4983434440055408,-0.576614,0.07827055599445915,2.888155851138537,2.7815,0.10665585113853693,-0.17086484450671438,-0.204408,0.03354315549328568,2.939342261015345,2.85135,0.08799226101534474
33,-0.5229149151266888,-0.504357,-0.018557915126688695,2.856663990482933,2.76306,0.09360399048293333,-0.18104651181976886,-0.180548,-0.0004985118197686766,2.913316428268554,2.81956,0.0937564282685539
34,-0.5179913724505967,-0.436808,-0.0811833724505967,2.828339441937543,2.76448,0.06385944193754334,-0.1811358985079762,-0.156712,-0.024423898507976105,2.88510796714851,2.80965,0.07545796714850983
35,-0.4935311103593883,-0.373952,-0.11957911035938829,2.80839573946427,2.76105,0.04734573946426979,-0.17395793723841077,-0.134619,-0.039338937238410754,2.861569239068726,2.79686,0.06470923906872583
37,-0.4551056826101356,-0.63244,0.17733431738986438,2.791623596431067,2.86069,-0.06906640356893279,-0.16160379007126144,-0.217579,0.0559752099287385,2.838917690155872,2.93686,-0.09794230984412788
38,-0.5113333051674285,-0.550243,0.03890969483257156,2.812734372873517,2.76241,0.050324372873516765,-0.1798283959125586,-0.196616,0.016787604087441288,2.868182420298845,2.82375,0.04443242029884509
39,-0.5245034821955838,-0.496108,-0.028395482195583854,2.796274688771567,2.82979,-0.03351531122843321,-0.18541772706970341,-0.173552,-0.011865727069703347,2.853667074668806,2.88032,-0.026652925331194233
40,-0.5168761977361002,-0.425546,-0.09133019773610018,2.8057096487009248,2.79306,0.012649648700924665,-0.18218035720801248,-0.151195,-0.03098535720801232,2.861151023450657,2.83252,0.028631023450656823
41,-0.48957043977494524,-0.377456,-0.11211443977494523,2.8011052988977645,2.85369,-0.05258470110223534,-0.17302985939559892,-0.131506,-0.04152385939559888,2.851474612095326,2.88583,-0.03435538790467385
43,-0.4541104063220299,-0.598864,0.14475359367797003,2.8161283073161734,2.82934,-0.013211692683826826,-0.1598771856616741,-0.208584,0.0487068143383258,2.860180337434541,2.90285,-0.04266966256545901
44,-0.49976244967224503,-0.508546,0.008783550327755019,2.8200846009099116,2.75349,0.06659460090991143,-0.17539443427242835,-0.182633,0.007238565727571533,2.8726400164754544,2.81085,0.06179001647545457
45,-0.5031839913287358,-0.440978,-0.06220599132873583,2.798929500929305,2.80471,-0.005780499070695111,-0.17787721984953134,-0.155951,-0.021926219849531137,2.8530833535002356,2.85028,0.002803353500235417
46,-0.48461014500417776,-0.361866,-0.12274414500417774,2.799858484876622,2.73934,0.060518484876622036,-0.17138580293993555,-0.131339,-0.04004680293993568,2.8513596721528014,2.77365,0.07770967215280145
48,-0.44596539656578976,-0.621229,0.17526360343421027,2.779066950110012,2.88529,-0.1062230498899881,-0.15911648677891602,-0.212071,0.05295451322108402,2.8248045666341413,2.95854,-0.1337354333658589
49,-0.5013098692539544,-0.541192,0.03988213074604563,2.8118590692386043,2.79924,0.01261906923860412,-0.1764304292435872,-0.190979,0.014548570756412804,2.865380168943037,2.85822,0.007160168943036727
50,-0.5147993685810942,-0.474511,-0.04028836858109419,2.8077221320301327,2.80139,0.006332132030132609,-0.1813371104709838,-0.167792,-0.013545110470983612,2.8630628197868186,2.84855,0.014512819786818731
51,-0.5037050760196805,-0.409101,-0.09460407601968052,2.8054614708780474,2.79947,0.005991470878047522,-0.17765166336844315,-0.145108,-0.032543663368443276,2.858451481130967,2.83643,0.022021481130967135
52,-0.4757294699777675,-0.369562,-0.10616746997776749,2.8032648045224975,2.92358,-0.12031519547750236,-0.16810392031163843,-0.12574,-0.04236392031163838,2.8511813834262387,2.9542,-0.10301861657376143
54,-0.4427607157373229,-0.580464,0.13770328426267708,2.840054779566048,2.80394,0.03611477956604814,-0.15465375033362544,-0.204134,0.049480249666374654,2.8820013290189914,2.87425,0.0077513290189914485
55,-0.485755862472393,-0.497042,0.011286137527606988,2.8292072621979485,2.75289,0.07631726219794865,-0.17003540991439928,-0.178628,0.008592590085600538,2.879183971445216,2.80839,0.07079397144521593
57,-0.49071231301104706,-0.360632,-0.13008031301104706,2.805180348008409,2.81431,-0.00912965199159066,-0.17317847717718854,-0.127447,-0.045731477177188395,2.8571065221889924,2.84837,0.008736522188992346
59,-0.4486887036206416,-0.588992,0.14030329637935834,2.8072453376667474,2.78623,0.021015337666747236,-0.1584918218964485,-0.208327,0.049835178103551314,2.852828582214098,2.85479,-0.0019614177859019755
60,-0.49457095171041215,-0.519797,0.0252260482895878,2.799875460812933,2.76526,0.03461546081293276,-0.17483681868801593,-0.185806,0.010969181311983878,2.8521796454806245,2.82084,0.03133964548062451
61,-0.5036264016865667,-0.455284,-0.04834240168656667,2.7881708592234187,2.79902,-0.01084914077658139,-0.17870278692136074,-0.161246,-0.017456786921360656,2.841664267061084,2.84315,-0.0014857329389159624
63,-0.4906284888555418,-0.343697,-0.1469314888555418,2.7896353160444334,2.89216,-0.10252468395556669,-0.17409501854802614,-0.118283,-0.0558120185480262,2.840470531316639,2.91989,-0.07941946868336114
65,-0.4433442380485195,-0.548056,0.10471176195148046,2.821938030671013,2.81846,0.0034780306710131548,-0.1558325233853062,-0.192055,0.03622247661469391,2.864318696302409,2.88231,-0.017991303697590944
66,-0.4770592979831452,-0.458095,-0.01896429798314525,2.820983056700965,2.76758,0.05340305670096468,-0.16752601201002504,-0.164034,-0.003492012010025025,2.8698006893643826,2.81628,0.0535206893643827
67,-0.47146769096533264,-0.386874,-0.08459369096533265,2.804194896112438,2.80476,-0.0005651038875620351,-0.16657156863757613,-0.13707,-0.029501568637575915,2.853015688765421,2.84237,0.01064568876542138
68,-0.4455112494014672,-0.325626,-0.11988524940146716,2.8039919479884423,2.8581,-0.05410805201155755,-0.1575675532176128,-0.113442,-0.0441255532176128,2.849138836277295,2.88752,-0.03838116372270495
71,-0.4054154483137353,-0.483013,0.0775975516862647,2.8202654333289146,2.79443,0.02583543332891436,-0.1427727413502487,-0.171157,0.02838425864975136,2.8596819588809974,2.84313,0.016551958880997475
72,-0.42968999351166454,-0.424442,-0.00524799351166455,2.811755355446485,2.85809,-0.04633464455351488,-0.15164589146733556,-0.147428,-0.004217891467335644,2.8537653385209967,2.8969,-0.043134661479003356
73,-0.42739583159982214,-0.352973,-0.07442283159982216,2.8263009935076555,2.78111,0.04519099350765554,-0.15008378533310243,-0.126243,-0.02384078533310241,2.867184383867965,2.81049,0.05669438386796477
75,-0.4022993194827481,-0.592088,0.18978868051725184,2.812356718799539,2.82242,-0.010063281200461294,-0.1420831542325938,-0.206782,0.06469884576740625,2.8491766311047937,2.89474,-0.0455633688952064
76,-0.4615690527501245,-0.501002,0.03943294724987545,2.8154077728690527,2.72617,0.08923777286905255,-0.1624983773628956,-0.181747,0.01924862263710425,2.8619908218873107,2.78262,0.0793708218873106
77,-0.4743708959813077,-0.436406,-0.0379648959813077,2.7876327173463307,2.8046,-0.016967282653669535,-0.16855518103858705,-0.154366,-0.01418918103858724,2.837248300575903,2.84957,-0.012321699424096888
78,-0.4636969552065642,-0.367796,-0.09590095520656416,2.7919544065440665,2.83804,-0.04608559345593344,-0.16458100771339396,-0.128877,-0.03570400771339388,2.8402616209482843,2.87294,-0.032678379051715556
80,-0.43523871224379035,-0.602322,0.16708328775620968,2.8047727778775036,2.84447,-0.03969722212249627,-0.15395000864484615,-0.20867,0.05471999135515393,2.848817196469044,2.91461,-0.06579280353095607
81,-0.487347937277775,-0.511107,0.023759062722225,2.816827979881961,2.7015,0.11532797988196108,-0.17131708869309722,-0.186984,0.015666911306902787,2.868050800820978,2.75641,0.11164080082097838
82,-0.4960330208060453,-0.452778,-0.04325502080604526,2.7814803126842564,2.75595,0.02553031268425654,-0.17647893310508972,-0.162836,-0.013642933105089572,2.8339889154930344,2.80016,0.03382891549303446
83,-0.48454659892971835,-0.380199,-0.10434759892971834,2.7727898050908,2.72485,0.0479398050908002,-0.17300363801354074,-0.138635,-0.03436863801354084,2.822999615667942,2.75844,0.06455961566794244
84,-0.4544999390612603,-0.338271,-0.1162289390612603,2.757239506533719,2.86323,-0.10599049346628098,-0.16336964738867243,-0.117598,-0.04577164738867223,2.8023131221858746,2.89052,-0.0882068778141254
85,-0.42028746986958077,-0.639747,0.2194595301304192,2.7873344661149853,2.8917,-0.1043655338850149,-0.14965731945990815,-0.217729,0.06807168054009205,2.8265337163174173,2.97237,-0.14583628368258283
86,-0.4851587864222957,-0.548087,0.06292821357770428,2.817621737758746,2.7948,0.022821737758746075,-0.17051528539182517,-0.193652,0.023136714608174902,2.86761800184112,2.85888,0.008738001841119836
87,-0.5050422304173123,-0.463494,-0.041548230417312315,2.8108600891812436,2.76045,0.05041008918124357,-0.1777784452384734,-0.166353,-0.01142544523847322,2.8650504321254817,2.81011,0.05494043212548183
88,-0.49438668017357446,-0.393601,-0.10078568017357448,2.7957608507340463,2.81605,-0.02028914926595382,-0.17502499688403872,-0.138871,-0.03615399688403853,2.8488443595401813,2.85463,-0.005785640459818442
89,-0.46587879357545103,-0.32548,-0.14039879357545104,2.8012557321599103,2.84109,-0.03983426784008959,-0.164802308668431,-0.114064,-0.05073830866843121,2.8498921073564447,2.8707,-0.020807892643555093
91,-0.42450065106758106,-0.557178,0.1326773489324189,2.81261148285803,2.81943,-0.006818517141970126,-0.14979699489089893,-0.195107,0.04531000510910088,2.8549450542874424,2.88102,-0.02607494571255753
92,-0.46527889260846284,-0.47939,0.014111107391537148,2.8146474851071965,2.74711,0.06753748510719637,-0.16382476228916318,-0.172767,0.00894223771083702,2.8622261526412975,2.7957,0.06652615264129746
93,-0.47044340194872486,-0.418872,-0.05157140194872484,2.7939748349052946,2.78912,0.004854834905294592,-0.1668131234860024,-0.149066,-0.01774712348600227,2.8419520823179294,2.82771,0.014242082317929228
94,-0.45579462597266435,-0.356199,-0.09959562597266436,2.7918991292574415,2.79018,0.001719129257441665,-0.16182848594374272,-0.126975,-0.0348534859437426,2.8370731015995436,2.82,0.017073101599543783
96,-0.4261108028446483,-0.597926,0.17181519715535165,2.7900769568767356,2.82114,-0.031063043123264578,-0.15155261700527503,-0.208854,0.05730138299472509,2.830252771503731,2.89462,-0.0643672284962693
97,-0.4798253899224076,-0.515312,0.035486610077592406,2.7991751227184793,2.75863,0.04054512271847921,-0.16976675103243474,-0.184672,0.014905248967565399,2.8486812541984863,2.81724,0.03144125419848631
98,-0.4922041236429172,-0.437355,-0.05484912364291722,2.786322636532821,2.75386,0.03246263653282089,-0.17484626696596733,-0.1575,-0.017346266965967416,2.8387804573610187,2.79945,0.03933045736101848
101,-0.47985008817351443,-0.615346,0.13549591182648552,2.773727410277176,2.87364,-0.09991258972282413,-0.17130277554201306,-0.210949,0.03964622445798671,2.8248139523447997,2.9459,-0.12108604765520026
102,-0.5263642664283542,-0.536832,0.010467733571645765,2.8060769228660862,2.7899,0.016176922866086407,-0.18542535487569095,-0.190096,0.004670645124309036,2.8639333558838076,2.84823,0.015703355883807557
103,-0.5326291076193018,-0.461912,-0.07071710761930183,2.801100404051197,2.75169,0.0494104040511969,-0.18790666995917846,-0.166314,-0.021592669959178412,2.8596065197675364,2.79744,0.06216651976753651
104,-0.5136251428961023,-0.391934,-0.12169114289610228,2.7857437500086264,2.73933,0.046413750008626575,-0.1823286448397295,-0.142112,-0.04021664483972964,2.8406433479889497,2.77447,0.0661733479889497
105,-0.47875264441103266,-0.334112,-0.14464064441103264,2.771117123991684,2.75846,0.01265712399168395,-0.17107646784734526,-0.120536,-0.050540467847345116,2.819859159688767,2.78579,0.034069159688767225
107,-0.43649912205483316,-0.568437,0.13193787794516681,2.7655531318250253,2.82528,-0.05972686817497452,-0.1565429024016726,-0.198546,0.04200309759832743,2.8072257987407134,2.89282,-0.08559420125928652
108,-0.47815760463563917,-0.470991,-0.007166604635639173,2.7834152442965996,2.71127,0.07214524429659974,-0.17012751343563134,-0.172,0.0018724865643684474,2.83260825738108,2.76265,0.06995825738108019
109,-0.4773967907698601,-0.395477,-0.08191979076986006,2.7608514065432614,2.72782,0.03303140654326153,-0.17122337495452766,-0.143976,-0.027247374954527892,2.8109085348103275,2.76725,0.04365853481032733
110,-0.4538868510379134,-0.341737,-0.11214985103791336,2.749837758255375,2.87824,-0.1284022417446251,-0.1635845432875374,-0.118178,-0.04540654328753746,2.7966663550466335,2.90972,-0.11305364495336656
112,-0.4206422330810173,-0.568388,0.14774576691898272,2.7870259751559985,2.81312,-0.026094024844001584,-0.1497980967394012,-0.199365,0.04956690326059876,2.828743797891596,2.87702,-0.048276202108403776
113,-0.4667820093638981,-0.491197,0.02441499063610192,2.7949697085008762,2.74056,0.05440970850087634,-0.16548066559012786,-0.177349,0.011868334409872006,2.842822100637012,2.79128,0.051542100637012034
114,-0.4755286679766132,-0.434352,-0.04117666797661318,2.77825323271194,2.81068,-0.032426767288060265,-0.16951835302193552,-0.153324,-0.016194353021935726,2.827125284941268,2.8514,-0.02427471505873191
115,-0.46448118420438167,-0.36023,-0.10425118420438167,2.7876346617196432,2.73465,0.052984661719643444,-0.16510519027568682,-0.130974,-0.034131190275686674,2.8341663582660086,2.76537,0.06879635826600872
116,-0.43421052747422484,-0.330071,-0.10413952747422484,2.771487348730499,2.93012,-0.15863265126950088,-0.15540727118375003,-0.112175,-0.04323227118374984,2.813056354094016,2.95603,-0.14297364590598427
117,-0.40332132198315157,-0.628738,0.22541667801684845,2.8183703653136143,2.90436,-0.08598963468638576,-0.1421394005878698,-0.213191,0.07105159941213035,2.8546857359279216,2.98273,-0.12804426407207847
118,-0.47007433869828924,-0.533024,0.06294966130171081,2.8446329125886325,2.78348,0.061152912588632535,-0.16376955540251537,-0.189205,0.02543544459748448,2.891761448663655,2.84516,0.04660144866365501
119,-0.4900156308761089,-0.450931,-0.03908463087610886,2.827678488956037,2.74137,0.08630848895603727,-0.1715884794794681,-0.163031,-0.008557479479468277,2.8790742653787396,2.78926,0.08981426537873949
120,-0.4800603257674932,-0.383958,-0.09610232576749317,2.8028036125150138,2.80453,-0.0017263874849864358,-0.169632596672531,-0.136061,-0.03357159667253118,2.8533819781262366,2.84203,0.011351978126236784
121,-0.45286753156356946,-0.322036,-0.13083153156356947,2.8034657849069027,2.84893,-0.045464215093097504,-0.16015495475834754,-0.11256,-0.04759495475834763,2.850041070088413,2.87825,-0.028208929911587077
122,-0.41463105829025126,-0.624986,0.21035494170974878,2.817142590341746,2.87029,-0.0531474096582536,-0.1461322608761285,-0.214397,0.06826473912387154,2.8580296630435122,2.94465,-0.08662033695648796
123,-0.4768449986675796,-0.547482,0.0706370013324204,2.833449902499364,2.78441,0.049039902499364185,-0.1667289947555278,-0.194148,0.02741900524447205,2.882761683314255,2.84496,0.03780168331425493
124,-0.49912105480483837,-0.467712,-0.031409054804838354,2.8197705818546654,2.71395,0.10582058185466536,-0.17519302401621376,-0.17066,-0.004533024016213805,2.8723839415117047,2.76121,0.11117394151170457
125,-0.49157716985647687,-0.412039,-0.07953816985647688,2.7888095384213067,2.80241,-0.013600461578693324,-0.174475475530932,-0.145984,-0.028491475530931787,2.8401030234026683,2.84004,6.302340266817197e-05
126,-0.4694527527711463,-0.348632,-0.12082075277114629,2.792578658257403,2.81048,-0.017901341742597054,-0.1665500096692829,-0.123417,-0.043133009669282796,2.8397952428153395,2.8395,0.00029524281533932495
129,-0.4343964381097625,-0.474974,0.040577561890237535,2.7976660140304754,2.67424,0.12342601403047526,-0.15404094465319826,-0.175778,0.021737055346801704,2.838951979854152,2.72674,0.11221197985415188
130,-0.4477954852487081,-0.40971,-0.038085485248708084,2.756877789350685,2.7623,-0.00542221064931514,-0.16102222952484374,-0.147249,-0.013773229524843611,2.801621610778275,2.80377,-0.002148389221725111
131,-0.43614840195668236,-0.348508,-0.08764040195668238,2.7570844232174676,2.86701,-0.10992557678253245,-0.15689179098963363,-0.120965,-0.035926790989633695,2.800781008621583,2.89953,-0.09874899137841675
133,-0.40820226858730485,-0.580704,0.17250173141269515,2.789431007891372,2.83801,-0.04857899210862815,-0.1453075021132619,-0.201831,0.05652349788673794,2.829227463914352,2.90405,-0.0748225360856476
134,-0.4630580364863202,-0.509899,0.04684096351367978,2.804673115179057,2.80587,-0.001196884820942934,-0.16362622477112196,-0.179764,0.01613777522887805,2.8517945724811513,2.85924,-0.007445427518848469
135,-0.47886228660982494,-0.43165,-0.04721228660982496,2.8051587142332948,2.75015,0.055008714233294675,-0.1690779312557729,-0.155685,-0.01339293125577301,2.8543331654589896,2.79108,0.06325316545898962
136,-0.46591256406812964,-0.369531,-0.09638156406812964,2.788354885628944,2.77467,0.013684885628943988,-0.16556275516713848,-0.132401,-0.033161755167138374,2.835177890530198,2.80647,0.028707890530197844
137,-0.4377701226970219,-0.324598,-0.11317212269702193,2.7838269650657166,2.86654,-0.0827130349342835,-0.15597743420120397,-0.112756,-0.043221434201203834,2.825917225853673,2.89221,-0.06629277414632684
139,-0.40341846487612365,-0.527001,0.1235825351238764,2.8084745724715514,2.72033,0.08814457247155127,-0.14266737203043317,-0.191356,0.048688627969566856,2.8449584276122346,2.7818,0.06315842761223456
140,-0.44171454286769796,-0.449732,0.008017457132302064,2.780940772741013,2.70856,0.07238077274101329,-0.1575204739107048,-0.16454,0.007019526089295347,2.8243752125520056,2.75681,0.06756521255200543
141,-0.44483907484950097,-0.384026,-0.06081307484950099,2.757931437693487,2.77955,-0.021618562306513045,-0.15991716022598865,-0.137292,-0.022625160225988594,2.802902132896613,2.81734,-0.014437867103387347
142,-0.4270453514824516,-0.320458,-0.10658735148245158,2.7631765373222037,2.82272,-0.0595434626777962,-0.15333556159700612,-0.113044,-0.04029156159700609,2.8059333060675904,2.85219,-0.04625669393240939
143,-0.39507231593861575,-0.625723,0.23065068406138428,2.7799996525784345,2.86346,-0.08346034742156538,-0.141167093011555,-0.215138,0.07397090698844488,2.8183349176025927,2.93814,-0.1198050823974075
144,-0.46366532102835817,-0.55914,0.0954746789716418,2.8043877891050375,2.83057,-0.02618221089496231,-0.16385337026021182,-0.195026,0.03117262973978807,2.8518439103540243,2.8926,-0.040756089645975546
145,-0.4933943926895488,-0.46906,-0.024334392689548845,2.812210521039179,2.70614,0.1060705210391788,-0.1736795211242504,-0.171627,-0.0020525211242503616,2.863925867983011,2.75372,0.11020586798301091
146,-0.488038587073111,-0.416913,-0.07112558707311101,2.780740418655059,2.82119,-0.040449581344941254,-0.17373727194598051,-0.146717,-0.027020271945980667,2.831538158423431,2.85947,-0.027931841576569028
149,-0.47090216304796045,-0.579581,0.10867883695203956,2.791548237638467,2.81156,-0.020011762361533236,-0.1671152465331177,-0.203294,0.03617875346688226,2.8390440598299644,2.88167,-0.04262594017003574
150,-0.5078381577080506,-0.484249,-0.023589157708050645,2.797819727143599,2.70955,0.08826972714359904,-0.17955720480969922,-0.176852,-0.0027052048096991577,2.852497846084819,2.76348,0.08901784608481922
151,-0.5027911220294753,-0.412911,-0.08988012202947532,2.7697046765097513,2.76254,0.007164676509751278,-0.17957684377579722,-0.148369,-0.031207843775796995,2.8245676752556603,2.80455,0.02001767525566045
152,-0.47709914630751193,-0.344889,-0.13221014630751193,2.7664992986309938,2.82343,-0.056930701369006353,-0.1707761095163826,-0.12155,-0.04922610951638262,2.8174931877012104,2.85584,-0.03834681229878978
154,-0.4382880229853472,-0.590151,0.1518629770146528,2.7822976009238696,2.87709,-0.09479239907613035,-0.15624342559277904,-0.202314,0.04607057440722073,2.8272712471432366,2.94436,-0.11708875285676346
155,-0.48672818375044413,-0.508667,0.021938816249555848,2.811831242388174,2.78923,0.022601242388174292,-0.17140159961928944,-0.180386,0.008984400380710689,2.8632472631577106,2.84263,0.020617263157710397
156,-0.49530615285612295,-0.435046,-0.06026015285612296,2.805226074545074,2.76009,0.045136074545073956,-0.17476424571568122,-0.156334,-0.01843024571568108,2.8575341732647805,2.80162,0.05591417326478032
157,-0.4788749671944894,-0.369681,-0.10919396719448943,2.7916367494498417,2.76755,0.024086749449841793,-0.1698856839652676,-0.132791,-0.037094683965267716,2.840880404184068,2.79954,0.041340404184067925
158,-0.44731686462698067,-0.316394,-0.13092286462698066,2.7841652149766998,2.79772,-0.013554785023300209,-0.15930323175638264,-0.112611,-0.04669223175638271,2.828007142934984,2.8228,0.0052071429349838105
159,-0.4085609462392639,-0.615882,0.20732105376073612,2.787853358182887,2.8163,-0.028446641817112983,-0.14551453278167706,-0.215295,0.06978046721832287,2.82548260141267,2.89383,-0.06834739858732997
160,-0.47012153626361736,-0.532693,0.06257146373638262,2.79608557648458,2.73773,0.058355576484579785,-0.16657757205593243,-0.192174,0.025596427944067468,2.8440527361901586,2.80016,0.043892736190158654
161,-0.4899319376850247,-0.448902,-0.041029937685024664,2.7786173783279153,2.69585,0.08276737832791525,-0.17452829163794256,-0.165002,-0.009526291637942386,2.830876420789152,2.74415,0.08672642078915205
162,-0.47932877424429227,-0.364852,-0.11447677424429226,2.7534585423943843,2.63653,0.11692854239438422,-0.17235523067547187,-0.13751,-0.03484523067547185,2.8047942975792686,2.67254,0.13225429757926843
163,-0.4465611500948168,-0.314693,-0.13186815009481678,2.7175218836404915,2.77509,-0.05756811635950854,-0.16287100205729602,-0.112917,-0.049954002057296165,2.7642070684892173,2.8041,-0.03989293151078277
164,-0.40775803033000735,-0.611919,0.20416096966999264,2.7326340294885334,2.79885,-0.06621597051146644,-0.14812501260707497,-0.215245,0.06711998739292513,2.773464391047892,2.87205,-0.09858560895210822
165,-0.4679520878860423,-0.54824,0.08028791211395764,2.750759523162436,2.77134,-0.02058047683756392,-0.1685042678950346,-0.195303,0.026798732104965417,2.799780157103163,2.83241,-0.03262984289683679
166,-0.4928502227173912,-0.470384,-0.022466222717391182,2.75581214621121,2.71197,0.043842146211209965,-0.17696938964347603,-0.171739,-0.005230389643476219,2.8083876213148993,2.75979,0.04859762131489909
167,-0.487773835215883,-0.407409,-0.080364835215883,2.7418389250617388,2.76092,-0.019081074938261278,-0.17605834479101085,-0.146505,-0.029553344791010794,2.7932751557362825,2.79841,-0.005134844263717575
168,-0.4652664502161782,-0.343188,-0.12207845021617819,2.7462694911542074,2.7678,-0.02153050884579244,-0.1678240840102939,-0.123363,-0.044461084010293916,2.7935383055408596,2.79655,-0.0030116944591402905
169,-0.4296801675349496,-0.298968,-0.13071216753494957,2.751582652456334,2.8521,-0.10051734754366626,-0.15490640947001735,-0.104442,-0.05046440947001729,2.7928722619117963,2.87522,-0.08234773808820384
170,-0.3905363208033629,-0.578538,0.18800167919663707,2.7806347223833083,2.80646,-0.025825277616691622,-0.1395359144211826,-0.203297,0.06376108557881732,2.815713120488646,2.87659,-0.06087687951135434
171,-0.4454813621953434,-0.476454,0.03097263780465659,2.788202532142063,2.66767,0.12053253214206272,-0.15843457764360697,-0.17674,0.01830542235639321,2.8322695650706557,2.72077,0.11149956507065584
172,-0.45505105560563286,-0.401203,-0.05384805560563288,2.75226107541055,2.69529,0.05697107541055013,-0.16385483426474468,-0.147768,-0.016086834264744887,2.7989475154325736,2.7362,0.0627475154325734
173,-0.43952203736261114,-0.32361,-0.11591203736261113,2.7343299524451212,2.67244,0.0618899524451213,-0.15937878993516078,-0.120505,-0.03887378993516055,2.7793118385918962,2.70293,0.0763818385918964
174,-0.4049879530494376,-0.27784,-0.1271479530494376,2.71445830321317,2.8261,-0.11164169678682967,-0.14810413509908896,-0.0979972,-0.05010693509908881,2.754734474275151,2.85084,-0.09610552572484865
175,-0.3661318991092506,-0.556395,0.19026310089074938,2.7460005278812587,2.72219,0.023810527881258814,-0.13255099394026262,-0.201615,0.06906400605973717,2.7808421184977137,2.78556,-0.0047178815022861365
176,-0.42124785583950697,-0.49363,0.07238214416049304,2.737918384170019,2.72062,0.017298384170019165,-0.152659904845818,-0.179487,0.0268270951541818,2.7796195979188933,2.77229,0.007329597918893427
177,-0.44264316713079205,-0.427292,-0.015351167130792043,2.731587988174291,2.73289,-0.001302011825708771,-0.16064964553065797,-0.155096,-0.00555364553065818,2.776020911219669,2.77354,0.0024809112196688687
179,-0.4385371669352634,-0.316424,-0.12211316693526342,2.7294060132358045,2.83854,-0.10913398676419561,-0.15930972100444965,-0.111016,-0.04829372100444962,2.772778208767013,2.86357,-0.09079179123298697
180,-0.4002144250181564,-0.620119,0.21990457498184357,2.762538938981478,2.85263,-0.09009106101852193,-0.1438710140329737,-0.214055,0.07018398596702635,2.7994329765938053,2.93047,-0.13103702340619483
181,-0.4673090100468803,-0.522192,0.05488298995311969,2.790352493502452,2.71181,0.07854249350245235,-0.16593322221004905,-0.190234,0.024300777789950878,2.838186678674498,2.77276,0.06542667867449792
182,-0.4851828587283489,-0.434109,-0.05107385872834885,2.7670205030824957,2.63836,0.12866050308249566,-0.17358027196115652,-0.163076,-0.01050427196115633,2.8188491408933833,2.68491,0.13393914089338343
183,-0.4711917784608715,-0.376948,-0.09424377846087151,2.72789524565103,2.76613,-0.03823475434897006,-0.17104313967314208,-0.135439,-0.03560413967314213,2.7783566268862403,2.80329,-0.02493337311375976
184,-0.4437584496874146,-0.305621,-0.13813744968741465,2.738353164155226,2.75109,-0.012736835844774141,-0.1606564108081971,-0.110637,-0.05001941080819705,2.784636024950812,2.77928,0.0053560249508119995
185,-0.40236696634412666,-0.611279,0.20891203365587335,2.7414097253077667,2.81862,-0.0772102746922334,-0.14573320041669546,-0.213565,0.06783179958330443,2.7816072332943276,2.89135,-0.10974276670567251
186,-0.4643517185683057,-0.549625,0.08527328143169433,2.763971157748422,2.81132,-0.04734884225157776,-0.16644729949332945,-0.193069,0.026621700506670454,2.812412643813368,2.87206,-0.05964735618663175
187,-0.49084324815171954,-0.458647,-0.03219624815171951,2.7781734535009153,2.68638,0.09179345350091506,-0.17487373001418002,-0.1691,-0.005773730014180245,2.8302390587528157,2.73266,0.09757905875281558
188,-0.4827519119708697,-0.401041,-0.08171091197086972,2.7509783700671013,2.75775,-0.006771629932898815,-0.17371497200868033,-0.144411,-0.02930397200868029,2.8015560614198893,2.79441,0.007146061419889271
189,-0.45953669436707456,-0.335554,-0.12398269436707454,2.752613689763304,2.76043,-0.007816310236695934,-0.16542004218296377,-0.120965,-0.04445504218296392,2.7989695854308994,2.78828,0.010689585430899484
190,-0.4229629948399735,-0.299616,-0.12334699483997352,2.7546183811973513,2.92457,-0.16995161880264886,-0.15235693862498828,-0.102092,-0.050264938624988265,2.7949250638412337,2.94768,-0.15275493615876634
191,-0.38554888811406496,-0.55282,0.16727111188593502,2.8053354780488857,2.71502,0.09031547804888573,-0.1365785307218607,-0.200869,0.0642904692781392,2.8396418274260666,2.7816,0.05804182742606656
192,-0.43430764768737845,-0.466778,0.032470352312621575,2.7793769764659197,2.65845,0.12092697646591954,-0.15500727673675108,-0.173811,0.018803723263248973,2.8218456483311063,2.71015,0.11169564833110623
193,-0.4440171376654443,-0.397741,-0.046276137665444306,2.7434719913637062,2.72778,0.015691991363706137,-0.16045365873781672,-0.144791,-0.01566265873781658,2.788560089813808,2.76805,0.020510089813807753
194,-0.4303627009794413,-0.321694,-0.10866870097944131,2.738135185135316,2.72324,0.01489518513531607,-0.15589825194982956,-0.117584,-0.038314251949829625,2.7817477054894466,2.75345,0.028297705489446656
196,-0.3965143071496961,-0.581018,0.18450369285030394,2.732020795426489,2.8805,-0.14847920457351105,-0.1441295243311828,-0.199037,0.05490747566881726,2.771100754985757,2.94612,-0.17501924501424293
197,-0.45376333378358386,-0.484014,0.030250666216416144,2.7780676119523067,2.71569,0.06237761195230673,-0.16190800066453223,-0.176377,0.014468999335467636,2.8244125948613448,2.76587,0.05854259486134472
198,-0.46407468984174893,-0.415236,-0.04883868984174894,2.7593934858318843,2.71845,0.04094348583188445,-0.16662070995853454,-0.151576,-0.015044709958534686,2.8069965231597416,2.75741,0.049586523159741436
199,-0.4502847286747851,-0.349126,-0.10115872867478509,2.746907974529205,2.71696,0.02994797452920528,-0.16247916353533226,-0.127798,-0.03468116353533235,2.7919652435127302,2.74669,0.04527524351273016
200,-0.4202114514005013,-0.303229,-0.11698245140050129,2.7374887463368736,2.79959,-0.062101253663126244,-0.1523136333529787,-0.107891,-0.04442263335297891,2.7776127209617663,2.82334,-0.045727279038233704
201,-0.38459679834222593,-0.601008,0.21641120165777405,2.755749727221862,2.80667,-0.05092027277813793,-0.13866592785575696,-0.21095,0.07228407214424326,2.790276314320261,2.88153,-0.09125368567973924
202,-0.44877542299178624,-0.504205,0.05542957700821377,2.771109471395843,2.6722,0.09890947139584272,-0.16055398369428922,-0.186493,0.025939016305710716,2.8159729166389926,2.73051,0.08546291663899241
203,-0.46615493520452356,-0.429309,-0.03684593520452356,2.7417279175796754,2.68028,0.06144791757967516,-0.1684118479573013,-0.158824,-0.009587847957301499,2.790506770479808,2.72585,0.06465677047980822
204,-0.4562208673270282,-0.357216,-0.09900486732702823,2.7228219547036625,2.71419,0.008631954703662625,-0.1660123178520085,-0.130858,-0.03515431785200862,2.770787934402562,2.74908,0.02170793440256169
205,-0.42730630310250367,-0.300582,-0.12672430310250365,2.7192884840930103,2.81101,-0.09172151590698974,-0.1558644479723607,-0.106525,-0.049339447972360784,2.763124409549644,2.83864,-0.07551559045035594
206,-0.38925100604748814,-0.592517,0.20326599395251183,2.745826128665639,2.77479,-0.028963871334360736,-0.14082265165685232,-0.210377,0.06955434834314778,2.7841262762670698,2.84457,-0.06044372373293028
207,-0.4492314939538098,-0.517501,0.0682695060461902,2.754280733830091,2.7024,0.051880733830091064,-0.1616793504273051,-0.189207,0.027527649572694823,2.80039845072039,2.75888,0.04151845072038984
208,-0.47037893905436107,-0.448704,-0.021674939054361075,2.7387040632002027,2.69933,0.03937406320020287,-0.17009282055110875,-0.164722,-0.005370820551108935,2.7878056022878255,2.74393,0.04387560228782528
209,-0.4650937511714988,-0.382828,-0.08226575117149881,2.7264464272643987,2.72555,0.000896427264398536,-0.16895969958966467,-0.139546,-0.029413699589664777,2.7743830910152765,2.75998,0.01440309101527637
210,-0.44143030306065595,-0.314841,-0.12658930306065597,2.725410830043493,2.68825,0.03716083004349313,-0.16057389149352713,-0.116586,-0.043987891493527,2.769195778355596,2.71401,0.055185778355595794
211,-0.40375656697693557,-0.278302,-0.12545456697693558,2.7134756765174672,2.81886,-0.10538432348253268,-0.14771304173211786,-0.0984097,-0.04930334173211781,2.7513242175573196,2.84004,-0.08871578244268052
212,-0.3653462090718862,-0.544672,0.17932579092811385,2.7440463283081202,2.73832,0.005726328308120365,-0.13236296082780197,-0.196345,0.06398203917219814,2.7760525981747985,2.80316,-0.02710740182520155
213,-0.417444728297962,-0.454113,0.03666827170203801,2.7421303747476666,2.67207,0.07006037474766647,-0.15107380311052487,-0.16834,0.01726619688947517,2.7824391176503482,2.72156,0.060879117650348036
214,-0.4282029954628373,-0.386773,-0.04142999546283732,2.720829861628764,2.75736,-0.036530138371235754,-0.1560991876717427,-0.13936,-0.016739187671742872,2.763725670270867,2.79597,-0.03224432972913327
215,-0.41579812021302304,-0.310768,-0.10503012021302305,2.7309712161108712,2.75532,-0.024348783889128978,-0.1510924814185208,-0.112314,-0.038778481418520805,2.772499853411035,2.78425,-0.011750146588965116
216,-0.38391301197208755,-0.608389,0.2244759880279124,2.7377640099143963,2.79833,-0.060565990085603705,-0.13932021084267054,-0.21408,0.0747597891573295,2.77505027953346,2.87085,-0.09579972046653973
217,-0.4502235618683999,-0.545252,0.09502843813160006,2.7556592329816896,2.76495,-0.00929076701831022,-0.16195054362723074,-0.194704,0.032753456372769385,2.801649411416933,2.8256,-0.02395058858306731
218,-0.47953216225851025,-0.467043,-0.012489162258510267,2.7586528460279665,2.69692,0.06173284602796647,-0.17210863788470024,-0.171476,-0.0006326378847001379,2.808836945872567,2.74449,0.06434694587256695
219,-0.47731266573311476,-0.403234,-0.07407866573311478,2.740357053097486,2.72844,0.011917053097485919,-0.17244895671628657,-0.146727,-0.02572195671628652,2.789994817680196,2.76567,0.02432481768019601
220,-0.45645011165676846,-0.333689,-0.12276111165676845,2.736517987918533,2.68505,0.05146798791853291,-0.16527801725659477,-0.123643,-0.041635017256594686,2.7824431111724817,2.71308,0.0693631111724815
221,-0.4202914319461047,-0.299167,-0.12112443194610467,2.7206707883638748,2.87117,-0.15049921163612545,-0.1532692529385871,-0.103822,-0.049447252938587205,2.7608102379446495,2.89432,-0.13350976205535048
222,-0.3835586879037277,-0.574839,0.19128031209627228,2.7651785000705504,2.7447,0.02047850007055052,-0.1378307920760384,-0.206452,0.06862120792396142,2.799406505436114,2.81546,-0.016053494563885717
223,-0.4398368384648377,-0.491942,0.052105161535162314,2.7595144772617153,2.68409,0.07542447726171542,-0.15805966353496326,-0.181269,0.023209336465036756,2.803041289338649,2.74009,0.06295128933864902
224,-0.455869344452783,-0.408484,-0.047385344452782974,2.737125305699669,2.64606,0.09106530569966909,-0.16503556160056715,-0.153165,-0.011870561600566987,2.7842534889495196,2.68876,0.09549348894951981
225,-0.4423907837421722,-0.338625,-0.10376578374217221,2.7093674743881553,2.68295,0.026417474388155338,-0.16185363548289972,-0.12555,-0.03630363548289983,2.755236764759497,2.71564,0.03959676475949703
228,-0.4104726885583788,-0.502216,0.09174331144162118,2.6975863578475994,2.68635,0.011236357847599354,-0.1510046245313463,-0.184818,0.03381337546865382,2.739153500487473,2.74031,-0.0011564995125268318
229,-0.4408040573418029,-0.432625,-0.008179057341802909,2.692456591434197,2.68072,0.011736591434197141,-0.16227850228100896,-0.160004,-0.0022745022810091164,2.7377563790251447,2.72296,0.014796379025144635
231,-0.43945077191863813,-0.303963,-0.13548777191863814,2.685528546340429,2.69103,-0.005501453659570998,-0.16219906779455612,-0.112477,-0.049722067794556235,2.7300339978184454,2.71555,0.014483997818445449
233,-0.3938871126207049,-0.516761,0.12287388737929511,2.684158204981886,2.66686,0.01729820498188639,-0.1457051790372432,-0.191399,0.04569382096275687,2.7211534750617297,2.72749,-0.006336524938270305
234,-0.43439413756414913,-0.432568,-0.0018261375641491218,2.6767369062632054,2.62744,0.049296906263205376,-0.16088238819153453,-0.163171,0.0022886118084652907,2.7208564975727763,2.67403,0.04682649757277613
235,-0.43429051260698665,-0.361453,-0.07283751260698662,2.6590084996436207,2.68382,-0.024811500356379135,-0.16189848663682024,-0.133873,-0.02802548663682014,2.703987060471973,2.71943,-0.015442939528027111
236,-0.41188310596299255,-0.29328,-0.11860310596299256,2.664473754120537,2.71022,-0.045746245879462855,-0.1533693362587553,-0.107793,-0.045576336258755124,2.7063831457025356,2.73737,-0.030986854297464284
239,-0.37247986015185214,-0.449104,0.07662413984814787,2.6731360835375173,2.66134,0.011796083537517266,-0.13845043379399902,-0.167176,0.028725566206000863,2.709658032558547,2.70633,0.0033280325585471893
240,-0.3969746837739089,-0.390381,-0.006593683773908898,2.6674895922641086,2.72716,-0.059670407735891384,-0.14773530428858134,-0.14218,-0.005555304288581198,2.7064113863326162,2.76261,-0.05619861366738377
241,-0.394483302496487,-0.32796,-0.06652330249648702,2.68486685667656,2.73121,-0.04634314332344003,-0.1458846331372728,-0.119506,-0.026378633137272622,2.7225949126177573,2.75831,-0.035715087382242494
242,-0.3732593742130609,-0.292692,-0.08056737421306087,2.698151310995357,2.88595,-0.18779868900464258,-0.13746643561488692,-0.101074,-0.03639243561488703,2.7322636567748444,2.90844,-0.17617634322515574
243,-0.3475005125231785,-0.580378,0.23287748747682147,2.7549650013435296,2.82403,-0.06906499865647042,-0.12547344908537025,-0.202692,0.0772185509146297,2.7849402818757674,2.89482,-0.1098797181242328
244,-0.4162812934114129,-0.470218,0.053936706588587124,2.776720542460716,2.63046,0.14626054246071618,-0.14881006914592812,-0.17689,0.02807993085407201,2.816897568158188,2.68348,0.13341756815818817
245,-0.4326165960541045,-0.397465,-0.035151596054104506,2.734174056892681,2.65441,0.07976405689268118,-0.15692477034878574,-0.148633,-0.00829177034878592,2.7779351006141577,2.69554,0.08239510061415789
246,-0.422658159638053,-0.326063,-0.09659515963805299,2.710594207862518,2.67571,0.03488420786251778,-0.15468262593296403,-0.121262,-0.03342062593296413,2.753607570142876,2.70698,0.046627570142875996
248,-0.39372050050736995,-0.564705,0.17098449949263006,2.6992569538875277,2.73538,-0.03612304611247241,-0.14484110567807693,-0.203585,0.05874389432192295,2.738464472789813,2.80041,-0.06194552721018676
249,-0.4464962697655582,-0.49106,0.04456373023444182,2.7098975093623516,2.68377,0.026127509362351642,-0.16329784088230725,-0.180972,0.017674159117692767,2.75600230079882,2.73582,0.02018230079882022
250,-0.4613099505397434,-0.423977,-0.03733295053974339,2.7016337311923637,2.70121,0.0004237311923636078,-0.16912115521591775,-0.155688,-0.013433155215917925,2.7496291623119244,2.74206,0.007569162311924504
251,-0.4515534310635486,-0.356698,-0.0948554310635486,2.7010158057580482,2.717,-0.015984194241951855,-0.16564723398172118,-0.130537,-0.035110233981721084,2.7470203218627525,2.7481,-0.0010796781372475195
252,-0.4242666862146798,-0.299293,-0.1249736862146798,2.7053309623506836,2.73723,-0.03189903764931623,-0.1555591284353724,-0.108909,-0.046650128435372196,2.746656129566264,2.76113,-0.014473870433735936
254,-0.3868657674628424,-0.512632,0.12576623253715757,2.7143971766939896,2.71266,0.0017371766939895394,-0.14157020707316256,-0.186775,0.045204792926837545,2.7497878725130525,2.77213,-0.02234212748694775
255,-0.4257192705319185,-0.410818,-0.014901270531918476,2.713735143291892,2.58098,0.13275514329189209,-0.1556075329941741,-0.157847,0.0022394670058258903,2.7558629252204554,2.6246,0.13126292522045535
256,-0.42187770690298515,-0.335145,-0.08673270690298512,2.6728014855965916,2.58748,0.0853214855965918,-0.15654946419987265,-0.128808,-0.027741464199872556,2.7154442236581193,2.62024,0.09520422365811942
257,-0.3961357664013229,-0.277728,-0.11840776640132294,2.6455675639864276,2.6774,-0.03183243601357244,-0.14863139999323116,-0.103361,-0.04527039999323135,2.6850764223549928,2.70299,-0.017913577645007006
258,-0.36031955484723693,-0.591068,0.2307484451527631,2.6531325971441615,2.80099,-0.1478574028558386,-0.1349832623586712,-0.20797,0.07298673764132868,2.6878744016460794,2.87012,-0.18224559835392062
259,-0.4284526393912432,-0.518608,0.09015536060875678,2.695706706427941,2.74497,-0.04926329357205894,-0.15762047040927793,-0.186729,0.0291085295907223,2.7389976757858268,2.80117,-0.06217232421417318
260,-0.45614567808519835,-0.438362,-0.017783678085198373,2.70982486140832,2.67333,0.036494861408320034,-0.16676692629324177,-0.16253,-0.004236926293241794,2.756832303079448,2.71664,0.04019230307944799
261,-0.4522768732163412,-0.377124,-0.07515287321634118,2.6987065698121153,2.72865,-0.0299434301878847,-0.16604715143450324,-0.137339,-0.028708151434503115,2.7448213643773465,2.76237,-0.01754863562265374
262,-0.4311770321926247,-0.309373,-0.1218040321926247,2.7071223515118423,2.68297,0.02415235151184225,-0.1579483221717861,-0.114803,-0.04314532217178613,2.749486381551715,2.70823,0.04125638155171529
263,-0.3956129338821959,-0.28358,-0.11203293388219593,2.699647523749677,2.90902,-0.20937247625032285,-0.14550676721326578,-0.0971758,-0.04833096721326591,2.73646329046813,2.93059,-0.19412670953186995
264,-0.36202644913246784,-0.535386,0.1733595508675322,2.761552044972434,2.67359,0.08796204497243387,-0.13035193399268383,-0.197636,0.06728406600731596,2.7930617750588578,2.73798,0.05508177505885792
265,-0.4125992627815118,-0.455131,0.042531737218488186,2.7364953758395814,2.63795,0.09854537583958134,-0.14964929837635935,-0.17085,0.02120070162364085,2.7762186936204145,2.68844,0.08777869362041457
266,-0.42554225801870516,-0.382854,-0.04268825801870513,2.707593162248934,2.67617,0.031423162248934045,-0.15589102833729618,-0.142096,-0.013795028337296067,2.750370121773472,2.71518,0.035190121773471805
267,-0.41341205395979225,-0.303201,-0.11021105395979225,2.6979231741148055,2.61891,0.07901317411480546,-0.15205072815241594,-0.115261,-0.03678972815241588,2.739591780887399,2.64769,0.0919017808873992
268,-0.3807956291041495,-0.632927,0.2521313708958505,2.673803813377533,2.86007,-0.18626618662246708,-0.14146587551627324,-0.217788,0.07632212448372666,2.7113046148945084,2.93679,-0.22548538510549143
269,-0.4554501969679072,-0.560124,0.10467380303209278,2.728233567734589,2.78322,-0.054986432265411,-0.16541421401923823,-0.198598,0.03318378598076155,2.775566831687328,2.8467,-0.07113316831267191
270,-0.48811118628549927,-0.465491,-0.022620186285499277,2.7449665812365165,2.63272,0.11224658123651654,-0.17598098776694163,-0.175002,-0.000978987766941497,2.7970146049375066,2.68108,0.11593460493750651
271,-0.4835865150243359,-0.396536,-0.08705051502433592,2.712172187329434,2.63208,0.0800921873294338,-0.1764480234954257,-0.149531,-0.026917023495425685,2.763478658281,2.66948,0.09399865828099996
272,-0.45961033198174306,-0.335476,-0.12413433198174306,2.6880697314942736,2.67824,0.009829731494273464,-0.16934398315457522,-0.124611,-0.0447329831545753,2.735336028875547,2.70688,0.0284560288755471
273,-0.4238202506031664,-0.292045,-0.13177525060316642,2.684326445008134,2.80426,-0.11993355499186631,-0.1565943287533276,-0.103769,-0.05282532875332757,2.725639402841579,2.8273,-0.10166059715842124
275,-0.3839705118801923,-0.480744,0.09677348811980768,2.719443689278246,2.63634,0.08310368927824596,-0.1402672938583365,-0.180371,0.040103706141663586,2.7543525007915934,2.69116,0.06319250079159344
276,-0.4136976572654622,-0.39824,-0.015457657265462221,2.6933780575104027,2.62555,0.06782805751040266,-0.1524069664284551,-0.150531,-0.0018759664284551114,2.733861337121345,2.66713,0.06673133712134538
277,-0.4091799328573677,-0.322914,-0.08626593285736772,2.671599527098121,2.63846,0.0331395270981214,-0.15197814720043554,-0.121782,-0.030196147200435508,2.7124220575314584,2.66957,0.042852057531458154
280,-0.3815359536479254,-0.488492,0.10695604635207456,2.6565620326869936,2.67348,-0.016917967313006432,-0.14264476439201895,-0.180724,0.03807923560798088,2.694107627373762,2.72535,-0.03124237262623808
281,-0.41704893077352234,-0.42068,0.0036310692264776567,2.660555307094648,2.68136,-0.02080469290535225,-0.15548731480887915,-0.155622,0.00013468519112080912,2.7024113538750187,2.72192,-0.019508646124981155
282,-0.4189392231619937,-0.349162,-0.06977722316199375,2.6657762028121876,2.65635,0.009426202812187423,-0.15587974556250156,-0.130695,-0.025184745562501387,2.7073262234048796,2.68686,0.020466223404879802
283,-0.3977559395088396,-0.303034,-0.09472193950883956,2.6615327365327244,2.77453,-0.11299726346727557,-0.14834828476791012,-0.108789,-0.03955928476791026,2.6995251865027234,2.79885,-0.0993248134972764
285,-0.36779229044804573,-0.51516,0.14736770955195422,2.6946841712518936,2.66328,0.031404171251893764,-0.13564989170375485,-0.191071,0.05542110829624525,2.7278457447324396,2.72421,0.003635744732439772
286,-0.4141698054643503,-0.425067,0.01089719453564969,2.6842882147941265,2.58113,0.10315821479412657,-0.15308687745598407,-0.163218,0.010131122544016158,2.7252147546500955,2.62739,0.09782475465009544
287,-0.4183296163891568,-0.363111,-0.05521861638915676,2.651423652700665,2.68319,-0.03176634729933525,-0.15648551034446856,-0.134511,-0.021974510344468623,2.6940731334895514,2.7196,-0.025526866510448443
288,-0.4022492097125046,-0.285849,-0.11640020971250459,2.6595154307902926,2.63383,0.025685430790292507,-0.15011129805436285,-0.108107,-0.0420042980543629,2.7002614989433167,2.66079,0.039471498943316696
289,-0.36730330444271014,-0.602773,0.23546969555728986,2.650345042403343,2.78922,-0.13887495759665702,-0.13770981218400993,-0.212835,0.0751251878159902,2.686511098322491,2.86113,-0.17461890167750926
290,-0.43764653437446777,-0.527632,0.08998546562553222,2.6905921916421898,2.70695,-0.0163578083578102,-0.16124590451122514,-0.192504,0.031258095488774895,2.735753409103299,2.76551,-0.029756590896700796
291,-0.46592882650009215,-0.449177,-0.01675182650009216,2.695024493870057,2.64415,0.05087449387005716,-0.1711926052065343,-0.16827,-0.00292260520653409,2.744133492159956,2.68981,0.05432349215995602
292,-0.46293006032394024,-0.377941,-0.08498906032394021,2.679472036500636,2.64158,0.037892036500636106,-0.1710802726319482,-0.142109,-0.028971272631947986,2.727883267389445,2.6763,0.051583267389445187
293,-0.43944746165828746,-0.309759,-0.12968846165828746,2.667425845054334,2.61635,0.051075845054334046,-0.16327923965252905,-0.117845,-0.04543423965252913,2.7118143765890976,2.64226,0.0695543765890978
294,-0.40200816011324164,-0.270564,-0.13144416011324161,2.651167989395539,2.75448,-0.10331201060446116,-0.15048795875201829,-0.0979129,-0.0525750587520184,2.689648977212336,2.77551,-0.08586102278766417
295,-0.3630629314861305,-0.541864,0.1788010685138695,2.6805291632026846,2.67179,0.00873916320268453,-0.13462524590687744,-0.200095,0.06546975409312239,2.7130349080671996,2.73747,-0.024435091932800468
296,-0.4155504733715927,-0.46096,0.045409526628407304,2.677297641313166,2.64726,0.030037641313165775,-0.1539839586182255,-0.172399,0.018415041381774522,2.7182752131793455,2.69878,0.019495213179345328
297,-0.42967842468521633,-0.386058,-0.04362042468521632,2.667650266119435,2.62223,0.04542026611943495,-0.15969837807146736,-0.146175,-0.013523378071467196,2.711732373406087,2.66222,0.04951237340608694
298,-0.4176213563415276,-0.339795,-0.07782635634152757,2.653179655353734,2.64622,0.006959655353734107,-0.15612313860401159,-0.127709,-0.02841413860401154,2.6961422287279717,2.67972,0.01642222872797161
299,-0.3950138635396446,-0.310637,-0.08437686353964463,2.6498190922008886,2.65377,-0.003950907799111558,-0.14798225657471697,-0.116525,-0.031457256574717096,2.6898607862893997,2.68361,0.006250786289399901
300,-0.36982619874779915,-0.302213,-0.06761319874779914,2.649658690019577,2.67071,-0.02105130998042304,-0.1386791192903863,-0.112679,-0.02600011929038626,2.6864340432952005,2.69949,-0.01305595670479942
302,-0.3477445067847513,-0.315276,-0.03246850678475127,2.6534948557115774,2.62923,0.024264855711577216,-0.13030889920167418,-0.119342,-0.010966899201674263,2.687579275835406,2.65968,0.02789927583540619
303,-0.33634204109271976,-0.33507,-0.0012720410927197778,2.6447416080107438,2.63632,0.008421608010743764,-0.12649485042610042,-0.12642,-7.485042610033688e-05,2.677564568604122,2.66915,0.008414568604121708
304,-0.3344037766844141,-0.359061,0.024657223315585897,2.6407540455017755,2.63776,0.0029940455017753997,-0.12596149210759416,-0.135292,0.009330507892405748,2.6734598678591284,2.67381,-0.0003501321408716507
305,-0.34037932509581637,-0.378009,0.03762967490418362,2.6383729596470014,2.57447,0.06390295964700154,-0.12830238898307134,-0.145788,0.017485611016928804,2.6719494366137537,2.61342,0.05852943661375365
306,-0.3504522188499766,-0.413079,0.06262678115002335,2.617492879487154,2.5931,0.024392879487153962,-0.13309697080916963,-0.157972,0.0248750291908304,2.652511532633793,2.63719,0.015321532633793211
307,-0.36834382280059,-0.448667,0.08032317719940996,2.6080854003629432,2.59985,0.008235400362943235,-0.1403035668909785,-0.170891,0.030587433109021678,2.6456103657330874,2.64966,-0.004049634266912516
308,-0.3920249013145682,-0.491744,0.09971909868543183,2.603357625499535,2.64044,-0.0370823745004647,-0.14946138454285274,-0.184126,0.034664615457147274,2.6443333206236885,2.69722,-0.05288667937631164
309,-0.42214642494718974,-0.548839,0.12669257505281023,2.6121658716185676,2.74794,-0.1357741283814322,-0.1602225523584978,-0.197133,0.03691044764150231,2.6576643878648603,2.81376,-0.15609561213513956
310,-0.4611366996154141,-0.591672,0.13053530038458588,2.650865539601386,2.77968,-0.1288144603986141,-0.17223351063136041,-0.209726,0.03749248936863969,2.7023165223106784,2.85332,-0.15100347768932165
312,-0.5053928045832641,-0.290211,-0.21518180458326408,2.688703909020138,2.70246,-0.013756090979861746,-0.18580091833861725,-0.106978,-0.07882291833861732,2.7474521178427915,2.72567,0.021782117842791493
313,-0.44076556950696616,-0.326415,-0.11435056950696615,2.693179702276714,2.72866,-0.0354802977232862,-0.16222177357582934,-0.119059,-0.043162773575829316,2.73938442497442,2.756,-0.016615575025579865
314,-0.40624977825171443,-0.358434,-0.04781577825171446,2.7044486020886422,2.70542,-0.0009713979113579185,-0.14910058291151526,-0.13172,-0.01738058291151523,2.7443652614498095,2.73691,0.007455261449809569
315,-0.39139960195068924,-0.385537,-0.005862601950689217,2.7053735756113944,2.6903,0.015073575611394219,-0.14367798354991035,-0.142337,-0.0013409835499103018,2.7425500833445984,2.72569,0.01686008334459821
316,-0.38896526908419327,-0.395338,0.006372730915806757,2.701435060506421,2.6325,0.06893506050642095,-0.14300186845951032,-0.149062,0.006060131540489788,2.737929361932029,2.66972,0.0682093619320292
317,-0.390187210851181,-0.407952,0.01776478914881896,2.6811161315966054,2.65574,0.025376131596605234,-0.14451706865380956,-0.15242,0.007902931346190467,2.7176655024622116,2.69462,0.023045502462211598
318,-0.3948858934566038,-0.410956,0.01607010654339619,2.6733986536261396,2.65542,0.017978653626139707,-0.1466489230691796,-0.153543,0.0068940769308203365,2.7104855212539083,2.69479,0.015695521253908495
319,-0.39921027761763955,-0.408023,0.008812722382360472,2.6677077540981653,2.64695,0.020757754098165382,-0.14854316319417304,-0.152944,0.004400836805826813,2.7053389001981163,2.68597,0.0193689001981161
320,-0.40148495492987896,-0.406519,0.005034045070121063,2.6610432427074246,2.64408,0.016963242707424442,-0.14974560375172263,-0.152552,0.0028063962482773874,2.6989771862283987,2.68287,0.016107186228398795
321,-0.40269704468160716,-0.408602,0.005904955318392857,2.655351235672503,2.66732,-0.011968764327497272,-0.15050804431315207,-0.152006,0.0014979556868479627,2.693443787221028,2.7062,-0.012756212778971765
322,-0.40420991229232106,-0.407397,0.0031870877076789483,2.65818851269874,2.66437,-0.0061814873012600025,-0.15090612667278738,-0.15173,0.0008238733272127874,2.696426616820357,2.70311,-0.006683383179643343
323,-0.40495741388746237,-0.40581,0.0008525861125376344,2.6593917430487957,2.66382,-0.00442825695120419,-0.15111360256448167,-0.151179,6.539743551847721e-05,2.697700400317883,2.70233,-0.004629599682116847
324,-0.4050316528759608,-0.40581,0.0007783471240391804,2.660120366829705,2.66382,-0.0036996331702949803,-0.1511001144881831,-0.151179,7.88855118170062e-05,2.698410958992982,2.70233,-0.003919041007018009
325,-0.40509068092732914,-0.414227,0.009136319072670873,2.6606672087807137,2.71749,-0.05682279121928646,-0.15109121244056745,-0.151265,0.00017378755943253665,2.6989468096719493,2.75685,-0.05790319032805069
326,-0.40766060235818824,-0.40581,-0.0018506023581882358,2.677164479030474,2.66382,0.013344479030473977,-0.15111245439290558,-0.151179,6.654560709451474e-05,2.715692217958458,2.70233,0.013362217958458267
327,-0.40701348515590424,-0.40581,-0.001203485155904238,2.6731019608625184,2.66382,0.009281960862518535,-0.15110203266303732,-0.151179,7.69673369624968e-05,2.7115583343392347,2.70233,0.009228334339234756
328,-0.4065449288112062,-0.40581,-0.0007349288112061814,2.6701459644637002,2.66382,0.006325964463700373,-0.15109527267322123,-0.151179,8.372732677885963e-05,2.7085522063833065,2.70233,0.006222206383306617
329,-0.4062064318560285,-0.40581,-0.00039643185602850073,2.6679977054413775,2.66382,0.004177705441377633,-0.15109109211149604,-0.151179,8.79078885041018e-05,2.7063690909392277,2.70233,0.00403909093922783
330,-0.4059636553113392,-0.40581,-0.00015365531133920696,2.66644138157451,2.66382,0.0026213815745101954,-0.1510889573986097,-0.151179,9.004260139011677e-05,2.7047894220572912,2.70233,0.0024594220572913272
331,-0.4057904006951609,-0.40581,1.959930483907968e-05,2.6653168774243348,2.66382,0.0014968774243349081,-0.15108820578585544,-0.151179,9.079421414437405e-05,2.7036497318319603,2.70233,0.0013197318319604356
332,-0.4056674786407691,-0.40581,0.00014252135923092935,2.6645066444445478,2.66382,0.0006866444445479125,-0.1510883652243738,-0.151179,9.063477562598621e-05,2.7028300452409226,2.70233,0.0005000452409227307
333,-0.40558203448038194,-0.40581,0.00022796551961806744,2.6639281033754614,2.66382,0.00010810337546152127,-0.1510893330289711,-0.151179,8.966697102907872e-05,2.7022465658258956,2.70233,-8.343417410427989e-05
334,-0.40552347937340705,-0.40581,0.0002865206265929565,2.663517531673965,2.66382,-0.00030246832603486595,-0.15109078400242523,-0.151179,8.821599757480314e-05,2.7018341107476913,2.70233,-0.00049588925230859
335,-0.40548447261642745,-0.405794,0.00030952738357253873,2.6632294248666284,2.66371,-0.00048057513337163016,-0.15109256671234558,-0.151179,8.643328765423064e-05,2.7015463045689385,2.70224,-0.0006936954310616805
336,-0.4054544788697197,-0.40581,0.00035552113028031185,2.662996333588605,2.66382,-0.0008236664113949743,-0.1510945834576774,-0.151179,8.441654232260731e-05,2.701322709814619,2.70233,-0.0010072901853810379
337,-0.40544135081778687,-0.406205,0.0007636491822131108,2.66287168491385,2.66623,-0.003358315086150032,-0.15109673068153112,-0.15119,9.326931846898034e-05,2.701198924854606,2.70474,-0.003541075145394146
338,-0.40555403436581877,-0.404404,-0.0011500343658187862,2.6635164650356504,2.65194,0.01157646503565024,-0.1511020553530254,-0.151328,0.000225944646974785,2.7018484224737995,2.69034,0.011508422473799573
339,-0.40509726553915637,-0.40699,0.001892734460843648,2.6596961971796667,2.66636,-0.006663802820333409,-0.15114795682307136,-0.15147,0.00032204317692841045,2.69799671578558,2.70499,-0.006993284214420026
340,-0.40554649903521667,-0.407397,0.0018505009647833415,2.6612655563967587,2.66437,-0.003104443603241247,-0.15122515196865027,-0.15173,0.0005048480313498693,2.699616107092525,2.70311,-0.00349389290747526
341,-0.4059993912734394,-0.409437,0.0034376087265605704,2.661821326846379,2.67993,-0.01810867315362108,-0.15136033586510583,-0.151607,0.000246664134894381,2.700244217797978,2.71882,-0.01857578220202205
342,-0.40694585960775,-0.423472,0.016526140392250033,2.6669196850407677,2.76981,-0.1028903149592324,-0.1514222017943139,-0.151714,0.0002917982056862556,2.7054383194504448,2.81012,-0.10468168054955518
343,-0.41186326672578377,-0.409437,-0.0024262667257837767,2.697703189959728,2.67993,0.017773189959727986,-0.15150194872561504,-0.151607,0.00010505127438475981,2.7367210558118087,2.71882,0.017901055811808675
344,-0.41121729926054224,-0.409149,-0.00206829926054225,2.693046393289711,2.67814,0.014906393289710884,-0.1515255329928053,-0.151602,7.646700719465827e-05,2.7320005185889387,2.71703,0.01497051858893883
345,-0.41065803605925455,-0.409437,-0.0012210360592545544,2.689098384645348,2.67993,0.00916838464534786,-0.15154137051539515,-0.151607,6.562948460464568e-05,2.728006802658426,2.71882,0.009186802658426085
346,-0.41033604903086973,-0.406657,-0.003679049030869741,2.686749762919263,2.66429,0.022459762919263326,-0.15155471011883298,-0.151463,-9.171011883291058e-05,2.7256255943452423,2.70292,0.02270559434524211
347,-0.40926276382560034,-0.406657,-0.002605763825600349,2.680315688696867,2.66429,0.016025688696867046,-0.15152166531488656,-0.151463,-5.8665314886408026e-05,2.7190908841413868,2.70292,0.016170884141386566
348,-0.40848075365533226,-0.407562,-0.0009187536553322828,2.675624205115539,2.66816,0.007464205115538913,-0.15149768494410126,-0.151579,8.131505589892285e-05,2.7143269308046682,2.70692,0.007406930804668033
349,-0.40818420738289934,-0.409437,0.001252792617100651,2.67337218373029,2.67993,-0.006557816269709971,-0.1515149618058632,-0.151607,9.20381941367232e-05,2.7120632007294248,2.71882,-0.006756799270575264
350,-0.40853410876272706,-0.409437,0.0009028912372729403,2.6752805926438645,2.67993,-0.004649407356135615,-0.15153633617169687,-0.151607,7.06638283030081e-05,2.714001509499633,2.71882,-0.004818490500367201
